[GT-PLAN] All legs considered for ground transport:
  leg 0: Colombo (Sri Lanka) → Hanoi (Vietnam) — same_country=False
  leg 1: Hanoi (Vietnam) → Da Nang (Vietnam) — same_country=True
  leg 2: Da Nang (Vietnam) → Ho Chi Minh City (Vietnam) — same_country=True
[GT-PLAN] Domestic legs passed to get_ground_transport: [('Hanoi', 'Da Nang'), ('Da Nang', 'Ho Chi Minh City')]
[GT-RAW] Da Nang → Ho Chi Minh City: HTTP 200 | full response = {"destination_addresses": ["Ho Chi Minh City, Ho Chi Minh, Vietnam"], "origin_addresses": ["Da Nang, Hai Chau, Da Nang, Vietnam"], "rows": [{"elements": [{"distance": {"text": "904 km", "value": 904069}, "duration": {"text": "12 hours 22 mins", "value": 44543}, "status": "OK"}]}], "status": "OK"}
[GT-MAPS] Da Nang → Ho Chi Minh City: element status=OK, element={'distance': {'text': '904 km', 'value': 904069}, 'duration': {'text': '12 hours 22 mins', 'value': 44543}, 'status': 'OK'}
[GT] Da Nang → Ho Chi Minh City: distance_km=904.069, driving_hours=12.373055555555556
[GT] Da Nang → Ho Chi Minh City: EXCLUDED — 904.069 km outside [50, 800] km threshold
[GT-RAW] Hanoi → Da Nang: HTTP 200 | full response = {"destination_addresses": ["Da Nang, Hai Chau, Da Nang, Vietnam"], "origin_addresses": ["Hanoi, Ha Noi, Vietnam"], "rows": [{"elements": [{"distance": {"text": "741 km", "value": 741318}, "duration": {"text": "11 hours 5 mins", "value": 39924}, "status": "OK"}]}], "status": "OK"}
[GT-MAPS] Hanoi → Da Nang: element status=OK, element={'distance': {'text': '741 km', 'value': 741318}, 'duration': {'text': '11 hours 5 mins', 'value': 39924}, 'status': 'OK'}
[GT] Hanoi → Da Nang: distance_km=741.318, driving_hours=11.09
[GT] Hanoi → Da Nang: EXCLUDED — 11.1h driving exceeds 8.0h max
[GT-PLAN] Raw gt_results: [None, None]
[GT-PLAN] Final ground_transport returned: []
[GT-PLAN] All legs considered for ground transport:
  leg 0: Colombo (Sri Lanka) → Hanoi (Vietnam) — same_country=False
  leg 1: Hanoi (Vietnam) → Hue (Vietnam) — same_country=True
  leg 2: Hue (Vietnam) → Ho Chi Minh City (Vietnam) — same_country=True
[GT-PLAN] Domestic legs passed to get_ground_transport: [('Hanoi', 'Hue'), ('Hue', 'Ho Chi Minh City')]
[GT-RAW] Hue → Ho Chi Minh City: HTTP 200 | full response = {"destination_addresses": ["Ho Chi Minh City, Ho Chi Minh, Vietnam"], "origin_addresses": ["Hu\u1ebf, Hue, Vietnam"], "rows": [{"elements": [{"distance": {"text": "1,004 km", "value": 1003624}, "duration": {"text": "14 hours 4 mins", "value": 50639}, "status": "OK"}]}], "status": "OK"}
[GT-MAPS] Hue → Ho Chi Minh City: element status=OK, element={'distance': {'text': '1,004 km', 'value': 1003624}, 'duration': {'text': '14 hours 4 mins', 'value': 50639}, 'status': 'OK'}
[GT] Hue → Ho Chi Minh City: distance_km=1003.624, driving_hours=14.06638888888889
[GT] Hue → Ho Chi Minh City: PASSED threshold — generating options
[GT-RAW] Hanoi → Hue: HTTP 200 | full response = {"destination_addresses": [], "error_message": "This API key is not authorized to use this service or API. Please check the API restrictions settings of your API key in the Google Cloud Console to ensure that all of the APIs and services you need to use are correctly specified in the list of enabled APIs. For more information, see https://developers.google.com/maps/api-key-best-practices.", "origin_addresses": [], "rows": [], "status": "REQUEST_DENIED"}
[GT-MAPS] Hanoi → Hue: top-level status=REQUEST_DENIED — This API key is not authorized to use this service or API. Please check the API restrictions settings of your API key in the Google Cloud Console to ensure that all of the APIs and services you need to use are correctly specified in the list of enabled APIs. For more information, see https://developers.google.com/maps/api-key-best-practices.
[GT] Hanoi → Hue: distance_km=None, driving_hours=None
[GT] Hanoi → Hue: EXCLUDED — distance_km is None (API failure or no GMAPS key)
[GT-PLAN] Raw gt_results: [None, {'leg_from': 'Hue', 'leg_to': 'Ho Chi Minh City', 'distance_km': 1004, 'driving_duration_hours': 14.1, 'options': [{'id': 'gt_1', 'mode': 'train', 'operator': 'Vietnam Railways', 'departure_time': '08:00', 'arrival_time': '22:30', 'duration': '14h 30m', 'price_usd': 35.0}, {'id': 'gt_2', 'mode': 'bus', 'operator': 'Sinh Tourist', 'departure_time': '17:00', 'arrival_time': '07:00', 'duration': '14h 0m', 'price_usd': 30.0}, {'id': 'gt_3', 'mode': 'train', 'operator': 'SE Reunification Express', 'departure_time': '14:00', 'arrival_time': '04:30', 'duration': '14h 30m', 'price_usd': 40.0}]}]
[GT-PLAN] Final ground_transport returned: [{'leg_from': 'Hue', 'leg_to': 'Ho Chi Minh City', 'distance_km': 1004, 'driving_duration_hours': 14.1, 'options': [{'id': 'gt_1', 'mode': 'train', 'operator': 'Vietnam Railways', 'departure_time': '08:00', 'arrival_time': '22:30', 'duration': '14h 30m', 'price_usd': 35.0}, {'id': 'gt_2', 'mode': 'bus', 'operator': 'Sinh Tourist', 'departure_time': '17:00', 'arrival_time': '07:00', 'duration': '14h 0m', 'price_usd': 30.0}, {'id': 'gt_3', 'mode': 'train', 'operator': 'SE Reunification Express', 'departure_time': '14:00', 'arrival_time': '04:30', 'duration': '14h 30m', 'price_usd': 40.0}]}]
[GT-PLAN] All legs considered for ground transport:
  leg 0: Colombo for () → Hanoi (Vietnam) — same_country=False
  leg 1: Hanoi (Vietnam) → Hoi An (Vietnam) — same_country=True
  leg 2: Hoi An (Vietnam) → Ho Chi Minh City (Vietnam) — same_country=True
[GT-PLAN] Domestic legs passed to get_ground_transport: [('Hanoi', 'Hoi An'), ('Hoi An', 'Ho Chi Minh City')]
[GT-PLAN] All legs considered for ground transport:
  leg 0: Colombo for () → Hanoi (Vietnam) — same_country=False
  leg 1: Hanoi (Vietnam) → Hue (Vietnam) — same_country=True
  leg 2: Hue (Vietnam) → Ho Chi Minh City (Vietnam) — same_country=True
[GT-PLAN] Domestic legs passed to get_ground_transport: [('Hanoi', 'Hue'), ('Hue', 'Ho Chi Minh City')]
[GT-RAW] Hanoi → Hoi An: HTTP 200 | full response = {"destination_addresses": ["Hoi An, Da Nang, Vietnam"], "origin_addresses": ["Hanoi, Ha Noi, Vietnam"], "rows": [{"elements": [{"distance": {"text": "774 km", "value": 774289}, "duration": {"text": "11 hours 41 mins", "value": 42055}, "status": "OK"}]}], "status": "OK"}
[GT-MAPS] Hanoi → Hoi An: element status=OK, element={'distance': {'text': '774 km', 'value': 774289}, 'duration': {'text': '11 hours 41 mins', 'value': 42055}, 'status': 'OK'}
[GT] Hanoi → Hoi An: distance_km=774.289, driving_hours=11.681944444444444
[GT] Hanoi → Hoi An: PASSED threshold — generating options
[GT-RAW] Hoi An → Ho Chi Minh City: HTTP 200 | full response = {"destination_addresses": ["Ho Chi Minh City, Ho Chi Minh, Vietnam"], "origin_addresses": ["Hoi An, Da Nang, Vietnam"], "rows": [{"elements": [{"distance": {"text": "881 km", "value": 881248}, "duration": {"text": "12 hours 13 mins", "value": 43954}, "status": "OK"}]}], "status": "OK"}
[GT-MAPS] Hoi An → Ho Chi Minh City: element status=OK, element={'distance': {'text': '881 km', 'value': 881248}, 'duration': {'text': '12 hours 13 mins', 'value': 43954}, 'status': 'OK'}
[GT] Hoi An → Ho Chi Minh City: distance_km=881.248, driving_hours=12.209444444444445
[GT] Hoi An → Ho Chi Minh City: PASSED threshold — generating options
[GT-RAW] Hue → Ho Chi Minh City: HTTP 200 | full response = {"destination_addresses": ["Ho Chi Minh City, Ho Chi Minh, Vietnam"], "origin_addresses": ["Hu\u1ebf, Hue, Vietnam"], "rows": [{"elements": [{"distance": {"text": "1,004 km", "value": 1003624}, "duration": {"text": "14 hours 4 mins", "value": 50639}, "status": "OK"}]}], "status": "OK"}
[GT-MAPS] Hue → Ho Chi Minh City: element status=OK, element={'distance': {'text': '1,004 km', 'value': 1003624}, 'duration': {'text': '14 hours 4 mins', 'value': 50639}, 'status': 'OK'}
[GT] Hue → Ho Chi Minh City: distance_km=1003.624, driving_hours=14.06638888888889
[GT] Hue → Ho Chi Minh City: PASSED threshold — generating options
[GT-RAW] Hanoi → Hue: HTTP 200 | full response = {"destination_addresses": ["Hu\u1ebf, Hue, Vietnam"], "origin_addresses": ["Hanoi, Ha Noi, Vietnam"], "rows": [{"elements": [{"distance": {"text": "661 km", "value": 661198}, "duration": {"text": "9 hours 29 mins", "value": 34144}, "status": "OK"}]}], "status": "OK"}
[GT-MAPS] Hanoi → Hue: element status=OK, element={'distance': {'text': '661 km', 'value': 661198}, 'duration': {'text': '9 hours 29 mins', 'value': 34144}, 'status': 'OK'}
[GT] Hanoi → Hue: distance_km=661.198, driving_hours=9.484444444444444
[GT] Hanoi → Hue: PASSED threshold — generating options
[GT-PLAN] Raw gt_results: [{'leg_from': 'Hanoi', 'leg_to': 'Hoi An', 'distance_km': 774, 'driving_duration_hours': 11.7, 'options': [{'id': 'gt_1', 'mode': 'train', 'operator': 'Vietnam Railways', 'departure_time': '19:30', 'arrival_time': '08:00', 'duration': '12h 30m', 'price_usd': 35.0}, {'id': 'gt_2', 'mode': 'bus', 'operator': 'Sinh Tourist', 'departure_time': '18:00', 'arrival_time': '06:00', 'duration': '12h 0m', 'price_usd': 20.0}, {'id': 'gt_3', 'mode': 'bus', 'operator': 'Hoang Long', 'departure_time': '17:00', 'arrival_time': '05:30', 'duration': '12h 30m', 'price_usd': 22.0}]}, {'leg_from': 'Hoi An', 'leg_to': 'Ho Chi Minh City', 'distance_km': 881, 'driving_duration_hours': 12.2, 'options': [{'id': 'gt_1', 'mode': 'bus', 'operator': 'Sinh Tourist', 'departure_time': '18:00', 'arrival_time': '06:30', 'duration': '12h 30m', 'price_usd': 30.0}, {'id': 'gt_2', 'mode': 'train', 'operator': 'Vietnam Railways', 'departure_time': '15:00', 'arrival_time': '06:00', 'duration': '15h 0m', 'price_usd': 35.0}, {'id': 'gt_3', 'mode': 'bus', 'operator': 'Futa Bus Lines', 'departure_time': '19:00', 'arrival_time': '07:30', 'duration': '12h 30m', 'price_usd': 28.0}]}]
[GT-PLAN] Final ground_transport returned: [{'leg_from': 'Hanoi', 'leg_to': 'Hoi An', 'distance_km': 774, 'driving_duration_hours': 11.7, 'options': [{'id': 'gt_1', 'mode': 'train', 'operator': 'Vietnam Railways', 'departure_time': '19:30', 'arrival_time': '08:00', 'duration': '12h 30m', 'price_usd': 35.0}, {'id': 'gt_2', 'mode': 'bus', 'operator': 'Sinh Tourist', 'departure_time': '18:00', 'arrival_time': '06:00', 'duration': '12h 0m', 'price_usd': 20.0}, {'id': 'gt_3', 'mode': 'bus', 'operator': 'Hoang Long', 'departure_time': '17:00', 'arrival_time': '05:30', 'duration': '12h 30m', 'price_usd': 22.0}]}, {'leg_from': 'Hoi An', 'leg_to': 'Ho Chi Minh City', 'distance_km': 881, 'driving_duration_hours': 12.2, 'options': [{'id': 'gt_1', 'mode': 'bus', 'operator': 'Sinh Tourist', 'departure_time': '18:00', 'arrival_time': '06:30', 'duration': '12h 30m', 'price_usd': 30.0}, {'id': 'gt_2', 'mode': 'train', 'operator': 'Vietnam Railways', 'departure_time': '15:00', 'arrival_time': '06:00', 'duration': '15h 0m', 'price_usd': 35.0}, {'id': 'gt_3', 'mode': 'bus', 'operator': 'Futa Bus Lines', 'departure_time': '19:00', 'arrival_time': '07:30', 'duration': '12h 30m', 'price_usd': 28.0}]}]
[GT-PLAN] Raw gt_results: [{'leg_from': 'Hanoi', 'leg_to': 'Hue', 'distance_km': 661, 'driving_duration_hours': 9.5, 'options': [{'id': 'gt_1', 'mode': 'train', 'operator': 'Vietnam Railways', 'departure_time': '19:30', 'arrival_time': '06:30', 'duration': '11h 0m', 'price_usd': 35.0}, {'id': 'gt_2', 'mode': 'bus', 'operator': 'Sinh Tourist', 'departure_time': '18:00', 'arrival_time': '05:30', 'duration': '11h 30m', 'price_usd': 20.0}, {'id': 'gt_3', 'mode': 'train', 'operator': 'Livitrans Express', 'departure_time': '20:00', 'arrival_time': '07:30', 'duration': '11h 30m', 'price_usd': 45.0}]}, {'leg_from': 'Hue', 'leg_to': 'Ho Chi Minh City', 'distance_km': 1004, 'driving_duration_hours': 14.1, 'options': [{'id': 'gt_1', 'mode': 'train', 'operator': 'Vietnam Railways', 'departure_time': '08:00', 'arrival_time': '23:00', 'duration': '15h 0m', 'price_usd': 30.0}, {'id': 'gt_2', 'mode': 'bus', 'operator': 'Sinh Tourist', 'departure_time': '17:00', 'arrival_time': '09:00', 'duration': '16h 0m', 'price_usd': 25.0}, {'id': 'gt_3', 'mode': 'train', 'operator': 'SE3 Express', 'departure_time': '14:30', 'arrival_time': '06:30', 'duration': '16h 0m', 'price_usd': 35.0}]}]
[GT-PLAN] Final ground_transport returned: [{'leg_from': 'Hanoi', 'leg_to': 'Hue', 'distance_km': 661, 'driving_duration_hours': 9.5, 'options': [{'id': 'gt_1', 'mode': 'train', 'operator': 'Vietnam Railways', 'departure_time': '19:30', 'arrival_time': '06:30', 'duration': '11h 0m', 'price_usd': 35.0}, {'id': 'gt_2', 'mode': 'bus', 'operator': 'Sinh Tourist', 'departure_time': '18:00', 'arrival_time': '05:30', 'duration': '11h 30m', 'price_usd': 20.0}, {'id': 'gt_3', 'mode': 'train', 'operator': 'Livitrans Express', 'departure_time': '20:00', 'arrival_time': '07:30', 'duration': '11h 30m', 'price_usd': 45.0}]}, {'leg_from': 'Hue', 'leg_to': 'Ho Chi Minh City', 'distance_km': 1004, 'driving_duration_hours': 14.1, 'options': [{'id': 'gt_1', 'mode': 'train', 'operator': 'Vietnam Railways', 'departure_time': '08:00', 'arrival_time': '23:00', 'duration': '15h 0m', 'price_usd': 30.0}, {'id': 'gt_2', 'mode': 'bus', 'operator': 'Sinh Tourist', 'departure_time': '17:00', 'arrival_time': '09:00', 'duration': '16h 0m', 'price_usd': 25.0}, {'id': 'gt_3', 'mode': 'train', 'operator': 'SE3 Express', 'departure_time': '14:30', 'arrival_time': '06:30', 'duration': '16h 0m', 'price_usd': 35.0}]}]
[GT-PLAN] All legs considered for ground transport:
  leg 0: Colombo for () → Hanoi (Vietnam) — same_country=False
  leg 1: Hanoi (Vietnam) → Da Nang (Vietnam) — same_country=True
  leg 2: Da Nang (Vietnam) → Ho Chi Minh City (Vietnam) — same_country=True
[GT-PLAN] Domestic legs passed to get_ground_transport: [('Hanoi', 'Da Nang'), ('Da Nang', 'Ho Chi Minh City')]
[GT-PLAN] All legs considered for ground transport:
  leg 0: Colombo for () → Hanoi (Vietnam) — same_country=False
  leg 1: Hanoi (Vietnam) → Da Nang (Vietnam) — same_country=True
  leg 2: Da Nang (Vietnam) → Ho Chi Minh City (Vietnam) — same_country=True
[GT-PLAN] Domestic legs passed to get_ground_transport: [('Hanoi', 'Da Nang'), ('Da Nang', 'Ho Chi Minh City')]
[GT-RAW] Da Nang → Ho Chi Minh City: HTTP 200 | full response = {"destination_addresses": ["Ho Chi Minh City, Ho Chi Minh, Vietnam"], "origin_addresses": ["Da Nang, Hai Chau, Da Nang, Vietnam"], "rows": [{"elements": [{"distance": {"text": "904 km", "value": 904069}, "duration": {"text": "12 hours 22 mins", "value": 44543}, "status": "OK"}]}], "status": "OK"}
[GT-MAPS] Da Nang → Ho Chi Minh City: element status=OK, element={'distance': {'text': '904 km', 'value': 904069}, 'duration': {'text': '12 hours 22 mins', 'value': 44543}, 'status': 'OK'}
[GT] Da Nang → Ho Chi Minh City: distance_km=904.069, driving_hours=12.373055555555556
[GT] Da Nang → Ho Chi Minh City: PASSED threshold — generating options
[GT-RAW] Hanoi → Da Nang: HTTP 200 | full response = {"destination_addresses": ["Da Nang, Hai Chau, Da Nang, Vietnam"], "origin_addresses": ["Hanoi, Ha Noi, Vietnam"], "rows": [{"elements": [{"distance": {"text": "741 km", "value": 741318}, "duration": {"text": "11 hours 5 mins", "value": 39924}, "status": "OK"}]}], "status": "OK"}
[GT-MAPS] Hanoi → Da Nang: element status=OK, element={'distance': {'text': '741 km', 'value': 741318}, 'duration': {'text': '11 hours 5 mins', 'value': 39924}, 'status': 'OK'}
[GT] Hanoi → Da Nang: distance_km=741.318, driving_hours=11.09
[GT] Hanoi → Da Nang: PASSED threshold — generating options
[GT-RAW] Hanoi → Da Nang: HTTP 200 | full response = {"destination_addresses": ["Da Nang, Hai Chau, Da Nang, Vietnam"], "origin_addresses": ["Hanoi, Ha Noi, Vietnam"], "rows": [{"elements": [{"distance": {"text": "741 km", "value": 741318}, "duration": {"text": "11 hours 5 mins", "value": 39924}, "status": "OK"}]}], "status": "OK"}
[GT-MAPS] Hanoi → Da Nang: element status=OK, element={'distance': {'text': '741 km', 'value': 741318}, 'duration': {'text': '11 hours 5 mins', 'value': 39924}, 'status': 'OK'}
[GT] Hanoi → Da Nang: distance_km=741.318, driving_hours=11.09
[GT] Hanoi → Da Nang: PASSED threshold — generating options
[GT-RAW] Da Nang → Ho Chi Minh City: HTTP 200 | full response = {"destination_addresses": ["Ho Chi Minh City, Ho Chi Minh, Vietnam"], "origin_addresses": ["Da Nang, Hai Chau, Da Nang, Vietnam"], "rows": [{"elements": [{"distance": {"text": "904 km", "value": 904069}, "duration": {"text": "12 hours 22 mins", "value": 44543}, "status": "OK"}]}], "status": "OK"}
[GT-MAPS] Da Nang → Ho Chi Minh City: element status=OK, element={'distance': {'text': '904 km', 'value': 904069}, 'duration': {'text': '12 hours 22 mins', 'value': 44543}, 'status': 'OK'}
[GT] Da Nang → Ho Chi Minh City: distance_km=904.069, driving_hours=12.373055555555556
[GT] Da Nang → Ho Chi Minh City: PASSED threshold — generating options
[GT-PLAN] Raw gt_results: [{'leg_from': 'Hanoi', 'leg_to': 'Da Nang', 'distance_km': 741, 'driving_duration_hours': 11.1, 'options': [{'id': 'gt_1', 'mode': 'train', 'operator': 'Vietnam Railways', 'departure_time': '19:30', 'arrival_time': '09:00', 'duration': '13h 30m', 'price_usd': 35.0}, {'id': 'gt_2', 'mode': 'bus', 'operator': 'The Sinh Tourist', 'departure_time': '18:00', 'arrival_time': '06:00', 'duration': '12h 0m', 'price_usd': 25.0}, {'id': 'gt_3', 'mode': 'train', 'operator': 'Livitrans Express', 'departure_time': '20:00', 'arrival_time': '08:30', 'duration': '12h 30m', 'price_usd': 45.0}]}, {'leg_from': 'Da Nang', 'leg_to': 'Ho Chi Minh City', 'distance_km': 904, 'driving_duration_hours': 12.4, 'options': [{'id': 'gt_1', 'mode': 'train', 'operator': 'Vietnam Railways', 'departure_time': '14:30', 'arrival_time': '05:00', 'duration': '14h 30m', 'price_usd': 35.0}, {'id': 'gt_2', 'mode': 'bus', 'operator': 'Sinh Tourist', 'departure_time': '18:00', 'arrival_time': '08:30', 'duration': '14h 30m', 'price_usd': 30.0}, {'id': 'gt_3', 'mode': 'train', 'operator': 'SE3 Express', 'departure_time': '06:00', 'arrival_time': '20:00', 'duration': '14h 0m', 'price_usd': 40.0}]}]
[GT-PLAN] Final ground_transport returned: [{'leg_from': 'Hanoi', 'leg_to': 'Da Nang', 'distance_km': 741, 'driving_duration_hours': 11.1, 'options': [{'id': 'gt_1', 'mode': 'train', 'operator': 'Vietnam Railways', 'departure_time': '19:30', 'arrival_time': '09:00', 'duration': '13h 30m', 'price_usd': 35.0}, {'id': 'gt_2', 'mode': 'bus', 'operator': 'The Sinh Tourist', 'departure_time': '18:00', 'arrival_time': '06:00', 'duration': '12h 0m', 'price_usd': 25.0}, {'id': 'gt_3', 'mode': 'train', 'operator': 'Livitrans Express', 'departure_time': '20:00', 'arrival_time': '08:30', 'duration': '12h 30m', 'price_usd': 45.0}]}, {'leg_from': 'Da Nang', 'leg_to': 'Ho Chi Minh City', 'distance_km': 904, 'driving_duration_hours': 12.4, 'options': [{'id': 'gt_1', 'mode': 'train', 'operator': 'Vietnam Railways', 'departure_time': '14:30', 'arrival_time': '05:00', 'duration': '14h 30m', 'price_usd': 35.0}, {'id': 'gt_2', 'mode': 'bus', 'operator': 'Sinh Tourist', 'departure_time': '18:00', 'arrival_time': '08:30', 'duration': '14h 30m', 'price_usd': 30.0}, {'id': 'gt_3', 'mode': 'train', 'operator': 'SE3 Express', 'departure_time': '06:00', 'arrival_time': '20:00', 'duration': '14h 0m', 'price_usd': 40.0}]}]
[GT-PLAN] Raw gt_results: [{'leg_from': 'Hanoi', 'leg_to': 'Da Nang', 'distance_km': 741, 'driving_duration_hours': 11.1, 'options': [{'id': 'gt_1', 'mode': 'train', 'operator': 'Vietnam Railways', 'departure_time': '19:30', 'arrival_time': '09:00', 'duration': '13h 30m', 'price_usd': 35.0}, {'id': 'gt_2', 'mode': 'train', 'operator': 'SE3 Express', 'departure_time': '22:00', 'arrival_time': '12:30', 'duration': '14h 30m', 'price_usd': 40.0}, {'id': 'gt_3', 'mode': 'bus', 'operator': 'Hoang Long Bus', 'departure_time': '17:00', 'arrival_time': '06:00', 'duration': '13h 0m', 'price_usd': 25.0}]}, {'leg_from': 'Da Nang', 'leg_to': 'Ho Chi Minh City', 'distance_km': 904, 'driving_duration_hours': 12.4, 'options': [{'id': 'gt_1', 'mode': 'train', 'operator': 'Vietnam Railways', 'departure_time': '14:00', 'arrival_time': '05:30', 'duration': '15h 30m', 'price_usd': 35.0}, {'id': 'gt_2', 'mode': 'bus', 'operator': 'Sinh Tourist', 'departure_time': '17:00', 'arrival_time': '07:00', 'duration': '14h 0m', 'price_usd': 30.0}, {'id': 'gt_3', 'mode': 'train', 'operator': 'SE3 Express', 'departure_time': '09:30', 'arrival_time': '23:00', 'duration': '13h 30m', 'price_usd': 40.0}]}]
[GT-PLAN] Final ground_transport returned: [{'leg_from': 'Hanoi', 'leg_to': 'Da Nang', 'distance_km': 741, 'driving_duration_hours': 11.1, 'options': [{'id': 'gt_1', 'mode': 'train', 'operator': 'Vietnam Railways', 'departure_time': '19:30', 'arrival_time': '09:00', 'duration': '13h 30m', 'price_usd': 35.0}, {'id': 'gt_2', 'mode': 'train', 'operator': 'SE3 Express', 'departure_time': '22:00', 'arrival_time': '12:30', 'duration': '14h 30m', 'price_usd': 40.0}, {'id': 'gt_3', 'mode': 'bus', 'operator': 'Hoang Long Bus', 'departure_time': '17:00', 'arrival_time': '06:00', 'duration': '13h 0m', 'price_usd': 25.0}]}, {'leg_from': 'Da Nang', 'leg_to': 'Ho Chi Minh City', 'distance_km': 904, 'driving_duration_hours': 12.4, 'options': [{'id': 'gt_1', 'mode': 'train', 'operator': 'Vietnam Railways', 'departure_time': '14:00', 'arrival_time': '05:30', 'duration': '15h 30m', 'price_usd': 35.0}, {'id': 'gt_2', 'mode': 'bus', 'operator': 'Sinh Tourist', 'departure_time': '17:00', 'arrival_time': '07:00', 'duration': '14h 0m', 'price_usd': 30.0}, {'id': 'gt_3', 'mode': 'train', 'operator': 'SE3 Express', 'departure_time': '09:30', 'arrival_time': '23:00', 'duration': '13h 30m', 'price_usd': 40.0}]}]
[GT-PLAN] All legs considered for ground transport:
  leg 0: Colombo (Sri Lanka) → Jakarta (Indonesia) — same_country=False
  leg 1: Jakarta (Indonesia) → Yogyakarta (Indonesia) — same_country=True
  leg 2: Yogyakarta (Indonesia) → Bali (Indonesia) — same_country=True
[GT-PLAN] Domestic legs passed to get_ground_transport: [('Jakarta', 'Yogyakarta'), ('Yogyakarta', 'Bali')]
[GT-RAW] Jakarta → Yogyakarta: HTTP 200 | full response = {"destination_addresses": ["Yogyakarta, Yogyakarta City, Special Region of Yogyakarta, Indonesia"], "origin_addresses": ["Jakarta, Indonesia"], "rows": [{"elements": [{"distance": {"text": "575 km", "value": 575460}, "duration": {"text": "7 hours 55 mins", "value": 28492}, "status": "OK"}]}], "status": "OK"}
[GT-MAPS] Jakarta → Yogyakarta: element status=OK, element={'distance': {'text': '575 km', 'value': 575460}, 'duration': {'text': '7 hours 55 mins', 'value': 28492}, 'status': 'OK'}
[GT] Jakarta → Yogyakarta: distance_km=575.46, driving_hours=7.914444444444444
[GT] Jakarta → Yogyakarta: PASSED threshold — generating options
[GT-RAW] Yogyakarta → Bali: HTTP 200 | full response = {"destination_addresses": ["Bali, Indonesia"], "origin_addresses": ["Yogyakarta, Yogyakarta City, Special Region of Yogyakarta, Indonesia"], "rows": [{"elements": [{"distance": {"text": "723 km", "value": 722568}, "duration": {"text": "13 hours 17 mins", "value": 47829}, "status": "OK"}]}], "status": "OK"}
[GT-MAPS] Yogyakarta → Bali: element status=OK, element={'distance': {'text': '723 km', 'value': 722568}, 'duration': {'text': '13 hours 17 mins', 'value': 47829}, 'status': 'OK'}
[GT] Yogyakarta → Bali: distance_km=722.568, driving_hours=13.285833333333333
[GT] Yogyakarta → Bali: PASSED threshold — generating options
[GT-PLAN] Raw gt_results: [{'leg_from': 'Jakarta', 'leg_to': 'Yogyakarta', 'distance_km': 575, 'driving_duration_hours': 7.9, 'options': [{'id': 'gt_1', 'mode': 'train', 'operator': 'Kereta Api Indonesia', 'departure_time': '08:00', 'arrival_time': '15:30', 'duration': '7h 30m', 'price_usd': 30.0}, {'id': 'gt_2', 'mode': 'bus', 'operator': 'Rosalia Indah', 'departure_time': '09:00', 'arrival_time': '18:30', 'duration': '9h 30m', 'price_usd': 20.0}, {'id': 'gt_3', 'mode': 'train', 'operator': 'Kereta Api Indonesia', 'departure_time': '13:00', 'arrival_time': '20:30', 'duration': '7h 30m', 'price_usd': 28.0}]}, {'leg_from': 'Yogyakarta', 'leg_to': 'Bali', 'distance_km': 723, 'driving_duration_hours': 13.3, 'options': [{'id': 'gt_1', 'mode': 'train', 'operator': 'Kereta Api Indonesia', 'departure_time': '07:00', 'arrival_time': '21:30', 'duration': '14h 30m', 'price_usd': 30.0}, {'id': 'gt_2', 'mode': 'bus', 'operator': 'Gunung Harta', 'departure_time': '06:00', 'arrival_time': '22:00', 'duration': '16h 0m', 'price_usd': 35.0}, {'id': 'gt_3', 'mode': 'bus', 'operator': 'Lorena', 'departure_time': '08:00', 'arrival_time': '00:30', 'duration': '16h 30m', 'price_usd': 33.0}]}]
[GT-PLAN] Final ground_transport returned: [{'leg_from': 'Jakarta', 'leg_to': 'Yogyakarta', 'distance_km': 575, 'driving_duration_hours': 7.9, 'options': [{'id': 'gt_1', 'mode': 'train', 'operator': 'Kereta Api Indonesia', 'departure_time': '08:00', 'arrival_time': '15:30', 'duration': '7h 30m', 'price_usd': 30.0}, {'id': 'gt_2', 'mode': 'bus', 'operator': 'Rosalia Indah', 'departure_time': '09:00', 'arrival_time': '18:30', 'duration': '9h 30m', 'price_usd': 20.0}, {'id': 'gt_3', 'mode': 'train', 'operator': 'Kereta Api Indonesia', 'departure_time': '13:00', 'arrival_time': '20:30', 'duration': '7h 30m', 'price_usd': 28.0}]}, {'leg_from': 'Yogyakarta', 'leg_to': 'Bali', 'distance_km': 723, 'driving_duration_hours': 13.3, 'options': [{'id': 'gt_1', 'mode': 'train', 'operator': 'Kereta Api Indonesia', 'departure_time': '07:00', 'arrival_time': '21:30', 'duration': '14h 30m', 'price_usd': 30.0}, {'id': 'gt_2', 'mode': 'bus', 'operator': 'Gunung Harta', 'departure_time': '06:00', 'arrival_time': '22:00', 'duration': '16h 0m', 'price_usd': 35.0}, {'id': 'gt_3', 'mode': 'bus', 'operator': 'Lorena', 'departure_time': '08:00', 'arrival_time': '00:30', 'duration': '16h 30m', 'price_usd': 33.0}]}]
[GT-PLAN] All legs considered for ground transport:
  leg 0: Colombo for () → Hanoi (Vietnam) — same_country=False
  leg 1: Hanoi (Vietnam) → Da Nang (Vietnam) — same_country=True
  leg 2: Da Nang (Vietnam) → Ho Chi Minh City (Vietnam) — same_country=True
[GT-PLAN] Domestic legs passed to get_ground_transport: [('Hanoi', 'Da Nang'), ('Da Nang', 'Ho Chi Minh City')]
[GT-RAW] Da Nang → Ho Chi Minh City: HTTP 200 | full response = {"destination_addresses": ["Ho Chi Minh City, Ho Chi Minh, Vietnam"], "origin_addresses": ["Da Nang, Hai Chau, Da Nang, Vietnam"], "rows": [{"elements": [{"distance": {"text": "904 km", "value": 904069}, "duration": {"text": "12 hours 22 mins", "value": 44543}, "status": "OK"}]}], "status": "OK"}
[GT-MAPS] Da Nang → Ho Chi Minh City: element status=OK, element={'distance': {'text': '904 km', 'value': 904069}, 'duration': {'text': '12 hours 22 mins', 'value': 44543}, 'status': 'OK'}
[GT] Da Nang → Ho Chi Minh City: distance_km=904.069, driving_hours=12.373055555555556
[GT] Da Nang → Ho Chi Minh City: PASSED threshold — generating options
[GT-RAW] Hanoi → Da Nang: HTTP 200 | full response = {"destination_addresses": ["Da Nang, Hai Chau, Da Nang, Vietnam"], "origin_addresses": ["Hanoi, Ha Noi, Vietnam"], "rows": [{"elements": [{"distance": {"text": "741 km", "value": 741318}, "duration": {"text": "11 hours 5 mins", "value": 39924}, "status": "OK"}]}], "status": "OK"}
[GT-MAPS] Hanoi → Da Nang: element status=OK, element={'distance': {'text': '741 km', 'value': 741318}, 'duration': {'text': '11 hours 5 mins', 'value': 39924}, 'status': 'OK'}
[GT] Hanoi → Da Nang: distance_km=741.318, driving_hours=11.09
[GT] Hanoi → Da Nang: PASSED threshold — generating options
[GT-PLAN] All legs considered for ground transport:
  leg 0: Colombo for () → Hanoi (Vietnam) — same_country=False
  leg 1: Hanoi (Vietnam) → Da Nang (Vietnam) — same_country=True
  leg 2: Da Nang (Vietnam) → Ho Chi Minh City (Vietnam) — same_country=True
[GT-PLAN] Domestic legs passed to get_ground_transport: [('Hanoi', 'Da Nang'), ('Da Nang', 'Ho Chi Minh City')]
[GT-PLAN] Raw gt_results: [{'leg_from': 'Hanoi', 'leg_to': 'Da Nang', 'distance_km': 741, 'driving_duration_hours': 11.1, 'options': [{'id': 'gt_1', 'mode': 'train', 'operator': 'Vietnam Railways', 'departure_time': '19:30', 'arrival_time': '08:45', 'duration': '13h 15m', 'price_usd': 35.0}, {'id': 'gt_2', 'mode': 'bus', 'operator': 'The Sinh Tourist', 'departure_time': '18:00', 'arrival_time': '06:30', 'duration': '12h 30m', 'price_usd': 30.0}, {'id': 'gt_3', 'mode': 'train', 'operator': 'Livitrans Express', 'departure_time': '20:00', 'arrival_time': '09:00', 'duration': '13h 0m', 'price_usd': 40.0}]}, {'leg_from': 'Da Nang', 'leg_to': 'Ho Chi Minh City', 'distance_km': 904, 'driving_duration_hours': 12.4, 'options': [{'id': 'gt_1', 'mode': 'train', 'operator': 'Vietnam Railways', 'departure_time': '08:00', 'arrival_time': '20:30', 'duration': '12h 30m', 'price_usd': 35.0}, {'id': 'gt_2', 'mode': 'bus', 'operator': 'Sinh Tourist', 'departure_time': '18:00', 'arrival_time': '07:00', 'duration': '13h 0m', 'price_usd': 30.0}, {'id': 'gt_3', 'mode': 'train', 'operator': 'SE3 Express', 'departure_time': '14:00', 'arrival_time': '02:30', 'duration': '12h 30m', 'price_usd': 40.0}]}]
[GT-PLAN] Final ground_transport returned: [{'leg_from': 'Hanoi', 'leg_to': 'Da Nang', 'distance_km': 741, 'driving_duration_hours': 11.1, 'options': [{'id': 'gt_1', 'mode': 'train', 'operator': 'Vietnam Railways', 'departure_time': '19:30', 'arrival_time': '08:45', 'duration': '13h 15m', 'price_usd': 35.0}, {'id': 'gt_2', 'mode': 'bus', 'operator': 'The Sinh Tourist', 'departure_time': '18:00', 'arrival_time': '06:30', 'duration': '12h 30m', 'price_usd': 30.0}, {'id': 'gt_3', 'mode': 'train', 'operator': 'Livitrans Express', 'departure_time': '20:00', 'arrival_time': '09:00', 'duration': '13h 0m', 'price_usd': 40.0}]}, {'leg_from': 'Da Nang', 'leg_to': 'Ho Chi Minh City', 'distance_km': 904, 'driving_duration_hours': 12.4, 'options': [{'id': 'gt_1', 'mode': 'train', 'operator': 'Vietnam Railways', 'departure_time': '08:00', 'arrival_time': '20:30', 'duration': '12h 30m', 'price_usd': 35.0}, {'id': 'gt_2', 'mode': 'bus', 'operator': 'Sinh Tourist', 'departure_time': '18:00', 'arrival_time': '07:00', 'duration': '13h 0m', 'price_usd': 30.0}, {'id': 'gt_3', 'mode': 'train', 'operator': 'SE3 Express', 'departure_time': '14:00', 'arrival_time': '02:30', 'duration': '12h 30m', 'price_usd': 40.0}]}]
[GT-RAW] Da Nang → Ho Chi Minh City: HTTP 200 | full response = {"destination_addresses": ["Ho Chi Minh City, Ho Chi Minh, Vietnam"], "origin_addresses": ["Da Nang, Hai Chau, Da Nang, Vietnam"], "rows": [{"elements": [{"distance": {"text": "904 km", "value": 904069}, "duration": {"text": "12 hours 22 mins", "value": 44543}, "status": "OK"}]}], "status": "OK"}
[GT-MAPS] Da Nang → Ho Chi Minh City: element status=OK, element={'distance': {'text': '904 km', 'value': 904069}, 'duration': {'text': '12 hours 22 mins', 'value': 44543}, 'status': 'OK'}
[GT] Da Nang → Ho Chi Minh City: distance_km=904.069, driving_hours=12.373055555555556
[GT] Da Nang → Ho Chi Minh City: PASSED threshold — generating options
[GT-RAW] Hanoi → Da Nang: HTTP 200 | full response = {"destination_addresses": ["Da Nang, Hai Chau, Da Nang, Vietnam"], "origin_addresses": ["Hanoi, Ha Noi, Vietnam"], "rows": [{"elements": [{"distance": {"text": "741 km", "value": 741318}, "duration": {"text": "11 hours 5 mins", "value": 39924}, "status": "OK"}]}], "status": "OK"}
[GT-MAPS] Hanoi → Da Nang: element status=OK, element={'distance': {'text': '741 km', 'value': 741318}, 'duration': {'text': '11 hours 5 mins', 'value': 39924}, 'status': 'OK'}
[GT] Hanoi → Da Nang: distance_km=741.318, driving_hours=11.09
[GT] Hanoi → Da Nang: PASSED threshold — generating options
[GT-PLAN] Raw gt_results: [{'leg_from': 'Hanoi', 'leg_to': 'Da Nang', 'distance_km': 741, 'driving_duration_hours': 11.1, 'options': [{'id': 'gt_1', 'mode': 'train', 'operator': 'Vietnam Railways', 'departure_time': '19:30', 'arrival_time': '08:45', 'duration': '13h 15m', 'price_usd': 35.0}, {'id': 'gt_2', 'mode': 'train', 'operator': 'SE3 Express', 'departure_time': '22:00', 'arrival_time': '11:30', 'duration': '13h 30m', 'price_usd': 40.0}, {'id': 'gt_3', 'mode': 'bus', 'operator': 'Hoang Long', 'departure_time': '18:00', 'arrival_time': '06:00', 'duration': '12h 0m', 'price_usd': 25.0}]}, {'leg_from': 'Da Nang', 'leg_to': 'Ho Chi Minh City', 'distance_km': 904, 'driving_duration_hours': 12.4, 'options': [{'id': 'gt_1', 'mode': 'train', 'operator': 'Vietnam Railways', 'departure_time': '14:30', 'arrival_time': '05:30', 'duration': '15h 0m', 'price_usd': 35.0}, {'id': 'gt_2', 'mode': 'bus', 'operator': 'Sinh Tourist', 'departure_time': '18:00', 'arrival_time': '08:30', 'duration': '14h 30m', 'price_usd': 30.0}, {'id': 'gt_3', 'mode': 'train', 'operator': 'SE3 Express', 'departure_time': '09:00', 'arrival_time': '23:00', 'duration': '14h 0m', 'price_usd': 40.0}]}]
[GT-PLAN] Final ground_transport returned: [{'leg_from': 'Hanoi', 'leg_to': 'Da Nang', 'distance_km': 741, 'driving_duration_hours': 11.1, 'options': [{'id': 'gt_1', 'mode': 'train', 'operator': 'Vietnam Railways', 'departure_time': '19:30', 'arrival_time': '08:45', 'duration': '13h 15m', 'price_usd': 35.0}, {'id': 'gt_2', 'mode': 'train', 'operator': 'SE3 Express', 'departure_time': '22:00', 'arrival_time': '11:30', 'duration': '13h 30m', 'price_usd': 40.0}, {'id': 'gt_3', 'mode': 'bus', 'operator': 'Hoang Long', 'departure_time': '18:00', 'arrival_time': '06:00', 'duration': '12h 0m', 'price_usd': 25.0}]}, {'leg_from': 'Da Nang', 'leg_to': 'Ho Chi Minh City', 'distance_km': 904, 'driving_duration_hours': 12.4, 'options': [{'id': 'gt_1', 'mode': 'train', 'operator': 'Vietnam Railways', 'departure_time': '14:30', 'arrival_time': '05:30', 'duration': '15h 0m', 'price_usd': 35.0}, {'id': 'gt_2', 'mode': 'bus', 'operator': 'Sinh Tourist', 'departure_time': '18:00', 'arrival_time': '08:30', 'duration': '14h 30m', 'price_usd': 30.0}, {'id': 'gt_3', 'mode': 'train', 'operator': 'SE3 Express', 'departure_time': '09:00', 'arrival_time': '23:00', 'duration': '14h 0m', 'price_usd': 40.0}]}]
[GT-PLAN] All legs considered for ground transport:
  leg 0: Colombo for () → Tokyo (Japan) — same_country=False
  leg 1: Tokyo (Japan) → Kyoto (Japan) — same_country=True
  leg 2: Kyoto (Japan) → Osaka (Japan) — same_country=True
[GT-PLAN] Domestic legs passed to get_ground_transport: [('Tokyo', 'Kyoto'), ('Kyoto', 'Osaka')]
[GT-RAW] Kyoto → Osaka: HTTP 200 | full response = {"destination_addresses": ["Osaka, Japan"], "origin_addresses": ["Kyoto, Japan"], "rows": [{"elements": [{"distance": {"text": "56.3 km", "value": 56275}, "duration": {"text": "1 hour 2 mins", "value": 3695}, "status": "OK"}]}], "status": "OK"}
[GT-MAPS] Kyoto → Osaka: element status=OK, element={'distance': {'text': '56.3 km', 'value': 56275}, 'duration': {'text': '1 hour 2 mins', 'value': 3695}, 'status': 'OK'}
[GT] Kyoto → Osaka: distance_km=56.275, driving_hours=1.0263888888888888
[GT] Kyoto → Osaka: PASSED threshold — generating options
[GT-RAW] Tokyo → Kyoto: HTTP 200 | full response = {"destination_addresses": ["Kyoto, Japan"], "origin_addresses": ["Tokyo, Japan"], "rows": [{"elements": [{"distance": {"text": "450 km", "value": 449502}, "duration": {"text": "5 hours 35 mins", "value": 20100}, "status": "OK"}]}], "status": "OK"}
[GT-MAPS] Tokyo → Kyoto: element status=OK, element={'distance': {'text': '450 km', 'value': 449502}, 'duration': {'text': '5 hours 35 mins', 'value': 20100}, 'status': 'OK'}
[GT] Tokyo → Kyoto: distance_km=449.502, driving_hours=5.583333333333333
[GT] Tokyo → Kyoto: PASSED threshold — generating options
[GT-PLAN] Raw gt_results: [{'leg_from': 'Tokyo', 'leg_to': 'Kyoto', 'distance_km': 450, 'driving_duration_hours': 5.6, 'options': [{'id': 'gt_1', 'mode': 'train', 'operator': 'JR East', 'departure_time': '09:00', 'arrival_time': '11:30', 'duration': '2h 30m', 'price_usd': 120.0}, {'id': 'gt_2', 'mode': 'train', 'operator': 'Nozomi Shinkansen', 'departure_time': '14:00', 'arrival_time': '16:20', 'duration': '2h 20m', 'price_usd': 130.0}, {'id': 'gt_3', 'mode': 'bus', 'operator': 'Willer Express', 'departure_time': '22:00', 'arrival_time': '06:00', 'duration': '8h 0m', 'price_usd': 45.0}]}, {'leg_from': 'Kyoto', 'leg_to': 'Osaka', 'distance_km': 56, 'driving_duration_hours': 1.0, 'options': [{'id': 'gt_1', 'mode': 'train', 'operator': 'JR West', 'departure_time': '09:00', 'arrival_time': '09:30', 'duration': '0h 30m', 'price_usd': 25.0}, {'id': 'gt_2', 'mode': 'train', 'operator': 'Keihan Electric Railway', 'departure_time': '09:15', 'arrival_time': '10:00', 'duration': '0h 45m', 'price_usd': 10.0}, {'id': 'gt_3', 'mode': 'bus', 'operator': 'Willer Express', 'departure_time': '09:30', 'arrival_time': '11:00', 'duration': '1h 30m', 'price_usd': 15.0}]}]
[GT-PLAN] Final ground_transport returned: [{'leg_from': 'Tokyo', 'leg_to': 'Kyoto', 'distance_km': 450, 'driving_duration_hours': 5.6, 'options': [{'id': 'gt_1', 'mode': 'train', 'operator': 'JR East', 'departure_time': '09:00', 'arrival_time': '11:30', 'duration': '2h 30m', 'price_usd': 120.0}, {'id': 'gt_2', 'mode': 'train', 'operator': 'Nozomi Shinkansen', 'departure_time': '14:00', 'arrival_time': '16:20', 'duration': '2h 20m', 'price_usd': 130.0}, {'id': 'gt_3', 'mode': 'bus', 'operator': 'Willer Express', 'departure_time': '22:00', 'arrival_time': '06:00', 'duration': '8h 0m', 'price_usd': 45.0}]}, {'leg_from': 'Kyoto', 'leg_to': 'Osaka', 'distance_km': 56, 'driving_duration_hours': 1.0, 'options': [{'id': 'gt_1', 'mode': 'train', 'operator': 'JR West', 'departure_time': '09:00', 'arrival_time': '09:30', 'duration': '0h 30m', 'price_usd': 25.0}, {'id': 'gt_2', 'mode': 'train', 'operator': 'Keihan Electric Railway', 'departure_time': '09:15', 'arrival_time': '10:00', 'duration': '0h 45m', 'price_usd': 10.0}, {'id': 'gt_3', 'mode': 'bus', 'operator': 'Willer Express', 'departure_time': '09:30', 'arrival_time': '11:00', 'duration': '1h 30m', 'price_usd': 15.0}]}]
[GT-PLAN] All legs considered for ground transport:
  leg 0: Colombo for () → Tokyo (Japan) — same_country=False
  leg 1: Tokyo (Japan) → Kyoto (Japan) — same_country=True
  leg 2: Kyoto (Japan) → Osaka (Japan) — same_country=True
[GT-PLAN] Domestic legs passed to get_ground_transport: [('Tokyo', 'Kyoto'), ('Kyoto', 'Osaka')]
[GT-RAW] Tokyo → Kyoto: HTTP 200 | full response = {"destination_addresses": ["Kyoto, Japan"], "origin_addresses": ["Tokyo, Japan"], "rows": [{"elements": [{"distance": {"text": "450 km", "value": 449502}, "duration": {"text": "5 hours 35 mins", "value": 20100}, "status": "OK"}]}], "status": "OK"}
[GT-MAPS] Tokyo → Kyoto: element status=OK, element={'distance': {'text': '450 km', 'value': 449502}, 'duration': {'text': '5 hours 35 mins', 'value': 20100}, 'status': 'OK'}
[GT] Tokyo → Kyoto: distance_km=449.502, driving_hours=5.583333333333333
[GT] Tokyo → Kyoto: PASSED threshold — generating options
[GT-RAW] Kyoto → Osaka: HTTP 200 | full response = {"destination_addresses": ["Osaka, Japan"], "origin_addresses": ["Kyoto, Japan"], "rows": [{"elements": [{"distance": {"text": "56.3 km", "value": 56275}, "duration": {"text": "1 hour 2 mins", "value": 3695}, "status": "OK"}]}], "status": "OK"}
[GT-MAPS] Kyoto → Osaka: element status=OK, element={'distance': {'text': '56.3 km', 'value': 56275}, 'duration': {'text': '1 hour 2 mins', 'value': 3695}, 'status': 'OK'}
[GT] Kyoto → Osaka: distance_km=56.275, driving_hours=1.0263888888888888
[GT] Kyoto → Osaka: PASSED threshold — generating options
[GT-PLAN] Raw gt_results: [{'leg_from': 'Tokyo', 'leg_to': 'Kyoto', 'distance_km': 450, 'driving_duration_hours': 5.6, 'options': [{'id': 'gt_1', 'mode': 'train', 'operator': 'JR Central', 'departure_time': '08:00', 'arrival_time': '10:15', 'duration': '2h 15m', 'price_usd': 120.0}, {'id': 'gt_2', 'mode': 'bus', 'operator': 'Willer Express', 'departure_time': '07:30', 'arrival_time': '13:00', 'duration': '5h 30m', 'price_usd': 45.0}, {'id': 'gt_3', 'mode': 'train', 'operator': 'JR Central', 'departure_time': '09:30', 'arrival_time': '11:45', 'duration': '2h 15m', 'price_usd': 120.0}]}, {'leg_from': 'Kyoto', 'leg_to': 'Osaka', 'distance_km': 56, 'driving_duration_hours': 1.0, 'options': [{'id': 'gt_1', 'mode': 'train', 'operator': 'JR West', 'departure_time': '08:30', 'arrival_time': '09:15', 'duration': '0h 45m', 'price_usd': 25.0}, {'id': 'gt_2', 'mode': 'train', 'operator': 'Keihan Railway', 'departure_time': '09:00', 'arrival_time': '10:00', 'duration': '1h 0m', 'price_usd': 15.0}, {'id': 'gt_3', 'mode': 'bus', 'operator': 'Willer Express', 'departure_time': '07:45', 'arrival_time': '09:15', 'duration': '1h 30m', 'price_usd': 10.0}]}]
[GT-PLAN] Final ground_transport returned: [{'leg_from': 'Tokyo', 'leg_to': 'Kyoto', 'distance_km': 450, 'driving_duration_hours': 5.6, 'options': [{'id': 'gt_1', 'mode': 'train', 'operator': 'JR Central', 'departure_time': '08:00', 'arrival_time': '10:15', 'duration': '2h 15m', 'price_usd': 120.0}, {'id': 'gt_2', 'mode': 'bus', 'operator': 'Willer Express', 'departure_time': '07:30', 'arrival_time': '13:00', 'duration': '5h 30m', 'price_usd': 45.0}, {'id': 'gt_3', 'mode': 'train', 'operator': 'JR Central', 'departure_time': '09:30', 'arrival_time': '11:45', 'duration': '2h 15m', 'price_usd': 120.0}]}, {'leg_from': 'Kyoto', 'leg_to': 'Osaka', 'distance_km': 56, 'driving_duration_hours': 1.0, 'options': [{'id': 'gt_1', 'mode': 'train', 'operator': 'JR West', 'departure_time': '08:30', 'arrival_time': '09:15', 'duration': '0h 45m', 'price_usd': 25.0}, {'id': 'gt_2', 'mode': 'train', 'operator': 'Keihan Railway', 'departure_time': '09:00', 'arrival_time': '10:00', 'duration': '1h 0m', 'price_usd': 15.0}, {'id': 'gt_3', 'mode': 'bus', 'operator': 'Willer Express', 'departure_time': '07:45', 'arrival_time': '09:15', 'duration': '1h 30m', 'price_usd': 10.0}]}]
[GT-PLAN] All legs considered for ground transport:
  leg 0: Colombo for () → Tokyo (Japan) — same_country=False
  leg 1: Tokyo (Japan) → Kyoto (Japan) — same_country=True
  leg 2: Kyoto (Japan) → Osaka (Japan) — same_country=True
[GT-PLAN] Domestic legs passed to get_ground_transport: [('Tokyo', 'Kyoto'), ('Kyoto', 'Osaka')]
[GT-RAW] Kyoto → Osaka: HTTP 200 | full response = {"destination_addresses": ["Osaka, Japan"], "origin_addresses": ["Kyoto, Japan"], "rows": [{"elements": [{"distance": {"text": "56.3 km", "value": 56275}, "duration": {"text": "1 hour 2 mins", "value": 3695}, "status": "OK"}]}], "status": "OK"}
[GT-MAPS] Kyoto → Osaka: element status=OK, element={'distance': {'text': '56.3 km', 'value': 56275}, 'duration': {'text': '1 hour 2 mins', 'value': 3695}, 'status': 'OK'}
[GT] Kyoto → Osaka: distance_km=56.275, driving_hours=1.0263888888888888
[GT] Kyoto → Osaka: PASSED threshold — generating options
[GT-RAW] Tokyo → Kyoto: HTTP 200 | full response = {"destination_addresses": ["Kyoto, Japan"], "origin_addresses": ["Tokyo, Japan"], "rows": [{"elements": [{"distance": {"text": "450 km", "value": 449502}, "duration": {"text": "5 hours 35 mins", "value": 20100}, "status": "OK"}]}], "status": "OK"}
[GT-MAPS] Tokyo → Kyoto: element status=OK, element={'distance': {'text': '450 km', 'value': 449502}, 'duration': {'text': '5 hours 35 mins', 'value': 20100}, 'status': 'OK'}
[GT] Tokyo → Kyoto: distance_km=449.502, driving_hours=5.583333333333333
[GT] Tokyo → Kyoto: PASSED threshold — generating options
[GT-PLAN] All legs considered for ground transport:
  leg 0: Colombo for () → Tokyo (Japan) — same_country=False
  leg 1: Tokyo (Japan) → Kyoto (Japan) — same_country=True
  leg 2: Kyoto (Japan) → Osaka (Japan) — same_country=True
[GT-PLAN] Domestic legs passed to get_ground_transport: [('Tokyo', 'Kyoto'), ('Kyoto', 'Osaka')]
[GT-RAW] Kyoto → Osaka: HTTP 200 | full response = {"destination_addresses": ["Osaka, Japan"], "origin_addresses": ["Kyoto, Japan"], "rows": [{"elements": [{"distance": {"text": "56.3 km", "value": 56275}, "duration": {"text": "1 hour 2 mins", "value": 3695}, "status": "OK"}]}], "status": "OK"}
[GT-MAPS] Kyoto → Osaka: element status=OK, element={'distance': {'text': '56.3 km', 'value': 56275}, 'duration': {'text': '1 hour 2 mins', 'value': 3695}, 'status': 'OK'}
[GT] Kyoto → Osaka: distance_km=56.275, driving_hours=1.0263888888888888
[GT] Kyoto → Osaka: PASSED threshold — generating options
[GT-RAW] Tokyo → Kyoto: HTTP 200 | full response = {"destination_addresses": ["Kyoto, Japan"], "origin_addresses": ["Tokyo, Japan"], "rows": [{"elements": [{"distance": {"text": "450 km", "value": 449502}, "duration": {"text": "5 hours 35 mins", "value": 20100}, "status": "OK"}]}], "status": "OK"}
[GT-MAPS] Tokyo → Kyoto: element status=OK, element={'distance': {'text': '450 km', 'value': 449502}, 'duration': {'text': '5 hours 35 mins', 'value': 20100}, 'status': 'OK'}
[GT] Tokyo → Kyoto: distance_km=449.502, driving_hours=5.583333333333333
[GT] Tokyo → Kyoto: PASSED threshold — generating options
[GT-PLAN] Raw gt_results: [{'leg_from': 'Tokyo', 'leg_to': 'Kyoto', 'distance_km': 450, 'driving_duration_hours': 5.6, 'options': [{'id': 'gt_1', 'mode': 'train', 'operator': 'JR Tokaido Shinkansen', 'departure_time': '08:00', 'arrival_time': '10:30', 'duration': '2h 30m', 'price_usd': 120.0}, {'id': 'gt_2', 'mode': 'bus', 'operator': 'Willer Express', 'departure_time': '07:00', 'arrival_time': '13:00', 'duration': '6h 0m', 'price_usd': 45.0}, {'id': 'gt_3', 'mode': 'train', 'operator': 'JR Limited Express', 'departure_time': '09:00', 'arrival_time': '13:30', 'duration': '4h 30m', 'price_usd': 75.0}]}, {'leg_from': 'Kyoto', 'leg_to': 'Osaka', 'distance_km': 56, 'driving_duration_hours': 1.0, 'options': [{'id': 'gt_1', 'mode': 'train', 'operator': 'JR West', 'departure_time': '09:00', 'arrival_time': '09:30', 'duration': '0h 30m', 'price_usd': 25.0}, {'id': 'gt_2', 'mode': 'train', 'operator': 'Keihan Railway', 'departure_time': '09:15', 'arrival_time': '10:00', 'duration': '0h 45m', 'price_usd': 15.0}, {'id': 'gt_3', 'mode': 'bus', 'operator': 'Willer Express', 'departure_time': '08:30', 'arrival_time': '10:00', 'duration': '1h 30m', 'price_usd': 10.0}]}]
[GT-PLAN] Final ground_transport returned: [{'leg_from': 'Tokyo', 'leg_to': 'Kyoto', 'distance_km': 450, 'driving_duration_hours': 5.6, 'options': [{'id': 'gt_1', 'mode': 'train', 'operator': 'JR Tokaido Shinkansen', 'departure_time': '08:00', 'arrival_time': '10:30', 'duration': '2h 30m', 'price_usd': 120.0}, {'id': 'gt_2', 'mode': 'bus', 'operator': 'Willer Express', 'departure_time': '07:00', 'arrival_time': '13:00', 'duration': '6h 0m', 'price_usd': 45.0}, {'id': 'gt_3', 'mode': 'train', 'operator': 'JR Limited Express', 'departure_time': '09:00', 'arrival_time': '13:30', 'duration': '4h 30m', 'price_usd': 75.0}]}, {'leg_from': 'Kyoto', 'leg_to': 'Osaka', 'distance_km': 56, 'driving_duration_hours': 1.0, 'options': [{'id': 'gt_1', 'mode': 'train', 'operator': 'JR West', 'departure_time': '09:00', 'arrival_time': '09:30', 'duration': '0h 30m', 'price_usd': 25.0}, {'id': 'gt_2', 'mode': 'train', 'operator': 'Keihan Railway', 'departure_time': '09:15', 'arrival_time': '10:00', 'duration': '0h 45m', 'price_usd': 15.0}, {'id': 'gt_3', 'mode': 'bus', 'operator': 'Willer Express', 'departure_time': '08:30', 'arrival_time': '10:00', 'duration': '1h 30m', 'price_usd': 10.0}]}]
[GT-PLAN] Raw gt_results: [{'leg_from': 'Tokyo', 'leg_to': 'Kyoto', 'distance_km': 450, 'driving_duration_hours': 5.6, 'options': [{'id': 'gt_1', 'mode': 'train', 'operator': 'JR Tokaido Shinkansen', 'departure_time': '08:00', 'arrival_time': '10:30', 'duration': '2h 30m', 'price_usd': 120.0}, {'id': 'gt_2', 'mode': 'bus', 'operator': 'Willer Express', 'departure_time': '07:00', 'arrival_time': '13:00', 'duration': '6h 0m', 'price_usd': 45.0}, {'id': 'gt_3', 'mode': 'train', 'operator': 'JR Tokaido Shinkansen', 'departure_time': '12:00', 'arrival_time': '14:30', 'duration': '2h 30m', 'price_usd': 120.0}]}, {'leg_from': 'Kyoto', 'leg_to': 'Osaka', 'distance_km': 56, 'driving_duration_hours': 1.0, 'options': [{'id': 'gt_1', 'mode': 'train', 'operator': 'JR West', 'departure_time': '09:00', 'arrival_time': '09:30', 'duration': '0h 30m', 'price_usd': 25.0}, {'id': 'gt_2', 'mode': 'bus', 'operator': 'Keihan Bus', 'departure_time': '08:45', 'arrival_time': '10:00', 'duration': '1h 15m', 'price_usd': 15.0}, {'id': 'gt_3', 'mode': 'train', 'operator': 'Keihan Electric Railway', 'departure_time': '10:15', 'arrival_time': '11:00', 'duration': '0h 45m', 'price_usd': 20.0}]}]
[GT-PLAN] Final ground_transport returned: [{'leg_from': 'Tokyo', 'leg_to': 'Kyoto', 'distance_km': 450, 'driving_duration_hours': 5.6, 'options': [{'id': 'gt_1', 'mode': 'train', 'operator': 'JR Tokaido Shinkansen', 'departure_time': '08:00', 'arrival_time': '10:30', 'duration': '2h 30m', 'price_usd': 120.0}, {'id': 'gt_2', 'mode': 'bus', 'operator': 'Willer Express', 'departure_time': '07:00', 'arrival_time': '13:00', 'duration': '6h 0m', 'price_usd': 45.0}, {'id': 'gt_3', 'mode': 'train', 'operator': 'JR Tokaido Shinkansen', 'departure_time': '12:00', 'arrival_time': '14:30', 'duration': '2h 30m', 'price_usd': 120.0}]}, {'leg_from': 'Kyoto', 'leg_to': 'Osaka', 'distance_km': 56, 'driving_duration_hours': 1.0, 'options': [{'id': 'gt_1', 'mode': 'train', 'operator': 'JR West', 'departure_time': '09:00', 'arrival_time': '09:30', 'duration': '0h 30m', 'price_usd': 25.0}, {'id': 'gt_2', 'mode': 'bus', 'operator': 'Keihan Bus', 'departure_time': '08:45', 'arrival_time': '10:00', 'duration': '1h 15m', 'price_usd': 15.0}, {'id': 'gt_3', 'mode': 'train', 'operator': 'Keihan Electric Railway', 'departure_time': '10:15', 'arrival_time': '11:00', 'duration': '0h 45m', 'price_usd': 20.0}]}]
[GT-PLAN] All legs considered for ground transport:
  leg 0: Colombo (Sri Lanka) → Tokyo (Japan) — same_country=False
  leg 1: Tokyo (Japan) → Kyoto (Japan) — same_country=True
  leg 2: Kyoto (Japan) → Osaka (Japan) — same_country=True
[GT-PLAN] Domestic legs passed to get_ground_transport: [('Tokyo', 'Kyoto'), ('Kyoto', 'Osaka')]
[GT-RAW] Tokyo → Kyoto: HTTP 200 | full response = {"destination_addresses": ["Kyoto, Japan"], "origin_addresses": ["Tokyo, Japan"], "rows": [{"elements": [{"distance": {"text": "450 km", "value": 449502}, "duration": {"text": "5 hours 35 mins", "value": 20100}, "status": "OK"}]}], "status": "OK"}
[GT-MAPS] Tokyo → Kyoto: element status=OK, element={'distance': {'text': '450 km', 'value': 449502}, 'duration': {'text': '5 hours 35 mins', 'value': 20100}, 'status': 'OK'}
[GT] Tokyo → Kyoto: distance_km=449.502, driving_hours=5.583333333333333
[GT] Tokyo → Kyoto: PASSED threshold — generating options
[GT-RAW] Kyoto → Osaka: HTTP 200 | full response = {"destination_addresses": ["Osaka, Japan"], "origin_addresses": ["Kyoto, Japan"], "rows": [{"elements": [{"distance": {"text": "56.3 km", "value": 56275}, "duration": {"text": "1 hour 2 mins", "value": 3695}, "status": "OK"}]}], "status": "OK"}
[GT-MAPS] Kyoto → Osaka: element status=OK, element={'distance': {'text': '56.3 km', 'value': 56275}, 'duration': {'text': '1 hour 2 mins', 'value': 3695}, 'status': 'OK'}
[GT] Kyoto → Osaka: distance_km=56.275, driving_hours=1.0263888888888888
[GT] Kyoto → Osaka: PASSED threshold — generating options
[GT-PLAN] Raw gt_results: [{'leg_from': 'Tokyo', 'leg_to': 'Kyoto', 'distance_km': 450, 'driving_duration_hours': 5.6, 'options': [{'id': 'gt_1', 'mode': 'train', 'operator': 'JR Tokaido Shinkansen', 'departure_time': '08:00', 'arrival_time': '10:20', 'duration': '2h 20m', 'price_usd': 120.0}, {'id': 'gt_2', 'mode': 'train', 'operator': 'Nozomi Shinkansen', 'departure_time': '09:30', 'arrival_time': '11:45', 'duration': '2h 15m', 'price_usd': 140.0}, {'id': 'gt_3', 'mode': 'bus', 'operator': 'Willer Express', 'departure_time': '07:00', 'arrival_time': '13:30', 'duration': '6h 30m', 'price_usd': 45.0}]}, {'leg_from': 'Kyoto', 'leg_to': 'Osaka', 'distance_km': 56, 'driving_duration_hours': 1.0, 'options': [{'id': 'gt_1', 'mode': 'train', 'operator': 'JR West', 'departure_time': '09:00', 'arrival_time': '09:30', 'duration': '0h 30m', 'price_usd': 25.0}, {'id': 'gt_2', 'mode': 'train', 'operator': 'Keihan Railway', 'departure_time': '09:15', 'arrival_time': '10:00', 'duration': '0h 45m', 'price_usd': 15.0}, {'id': 'gt_3', 'mode': 'bus', 'operator': 'Willer Express', 'departure_time': '09:30', 'arrival_time': '11:00', 'duration': '1h 30m', 'price_usd': 10.0}]}]
[GT-PLAN] Final ground_transport returned: [{'leg_from': 'Tokyo', 'leg_to': 'Kyoto', 'distance_km': 450, 'driving_duration_hours': 5.6, 'options': [{'id': 'gt_1', 'mode': 'train', 'operator': 'JR Tokaido Shinkansen', 'departure_time': '08:00', 'arrival_time': '10:20', 'duration': '2h 20m', 'price_usd': 120.0}, {'id': 'gt_2', 'mode': 'train', 'operator': 'Nozomi Shinkansen', 'departure_time': '09:30', 'arrival_time': '11:45', 'duration': '2h 15m', 'price_usd': 140.0}, {'id': 'gt_3', 'mode': 'bus', 'operator': 'Willer Express', 'departure_time': '07:00', 'arrival_time': '13:30', 'duration': '6h 30m', 'price_usd': 45.0}]}, {'leg_from': 'Kyoto', 'leg_to': 'Osaka', 'distance_km': 56, 'driving_duration_hours': 1.0, 'options': [{'id': 'gt_1', 'mode': 'train', 'operator': 'JR West', 'departure_time': '09:00', 'arrival_time': '09:30', 'duration': '0h 30m', 'price_usd': 25.0}, {'id': 'gt_2', 'mode': 'train', 'operator': 'Keihan Railway', 'departure_time': '09:15', 'arrival_time': '10:00', 'duration': '0h 45m', 'price_usd': 15.0}, {'id': 'gt_3', 'mode': 'bus', 'operator': 'Willer Express', 'departure_time': '09:30', 'arrival_time': '11:00', 'duration': '1h 30m', 'price_usd': 10.0}]}]
[GT-PLAN] All legs considered for ground transport:
  leg 0: colombo (Sri Lanka) → Jakarta (Indonesia) — same_country=False
  leg 1: Jakarta (Indonesia) → Yogyakarta (Indonesia) — same_country=True
  leg 2: Yogyakarta (Indonesia) → Bali (Indonesia) — same_country=True
[GT-PLAN] Domestic legs passed to get_ground_transport: [('Jakarta', 'Yogyakarta'), ('Yogyakarta', 'Bali')]
[GT-RAW] Yogyakarta → Bali: HTTP 200 | full response = {"destination_addresses": ["Bali, Indonesia"], "origin_addresses": ["Yogyakarta, Yogyakarta City, Special Region of Yogyakarta, Indonesia"], "rows": [{"elements": [{"distance": {"text": "723 km", "value": 722717}, "duration": {"text": "13 hours 18 mins", "value": 47857}, "status": "OK"}]}], "status": "OK"}
[GT-MAPS] Yogyakarta → Bali: element status=OK, element={'distance': {'text': '723 km', 'value': 722717}, 'duration': {'text': '13 hours 18 mins', 'value': 47857}, 'status': 'OK'}
[GT] Yogyakarta → Bali: distance_km=722.717, driving_hours=13.293611111111112
[GT] Yogyakarta → Bali: PASSED threshold — generating options
[GT-RAW] Jakarta → Yogyakarta: HTTP 200 | full response = {"destination_addresses": ["Yogyakarta, Yogyakarta City, Special Region of Yogyakarta, Indonesia"], "origin_addresses": ["Jakarta, Indonesia"], "rows": [{"elements": [{"distance": {"text": "575 km", "value": 575458}, "duration": {"text": "7 hours 55 mins", "value": 28491}, "status": "OK"}]}], "status": "OK"}
[GT-MAPS] Jakarta → Yogyakarta: element status=OK, element={'distance': {'text': '575 km', 'value': 575458}, 'duration': {'text': '7 hours 55 mins', 'value': 28491}, 'status': 'OK'}
[GT] Jakarta → Yogyakarta: distance_km=575.458, driving_hours=7.914166666666667
[GT] Jakarta → Yogyakarta: PASSED threshold — generating options
[GT-PLAN] Raw gt_results: [{'leg_from': 'Jakarta', 'leg_to': 'Yogyakarta', 'distance_km': 575, 'driving_duration_hours': 7.9, 'options': [{'id': 'gt_1', 'mode': 'train', 'operator': 'Kereta Api Indonesia', 'departure_time': '08:00', 'arrival_time': '15:00', 'duration': '7h 0m', 'price_usd': 30.0}, {'id': 'gt_2', 'mode': 'train', 'operator': 'Kereta Api Indonesia', 'departure_time': '14:00', 'arrival_time': '21:00', 'duration': '7h 0m', 'price_usd': 30.0}, {'id': 'gt_3', 'mode': 'bus', 'operator': 'Pahala Kencana', 'departure_time': '09:00', 'arrival_time': '18:00', 'duration': '9h 0m', 'price_usd': 20.0}]}, {'leg_from': 'Yogyakarta', 'leg_to': 'Bali', 'distance_km': 723, 'driving_duration_hours': 13.3, 'options': [{'id': 'gt_1', 'mode': 'train', 'operator': 'Kereta Api Indonesia', 'departure_time': '07:00', 'arrival_time': '21:30', 'duration': '14h 30m', 'price_usd': 30.0}, {'id': 'gt_2', 'mode': 'bus', 'operator': 'Gunung Harta', 'departure_time': '08:00', 'arrival_time': '22:00', 'duration': '14h 0m', 'price_usd': 35.0}, {'id': 'gt_3', 'mode': 'bus', 'operator': 'Maju Lancar', 'departure_time': '18:00', 'arrival_time': '08:00', 'duration': '14h 0m', 'price_usd': 32.0}]}]
[GT-PLAN] Final ground_transport returned: [{'leg_from': 'Jakarta', 'leg_to': 'Yogyakarta', 'distance_km': 575, 'driving_duration_hours': 7.9, 'options': [{'id': 'gt_1', 'mode': 'train', 'operator': 'Kereta Api Indonesia', 'departure_time': '08:00', 'arrival_time': '15:00', 'duration': '7h 0m', 'price_usd': 30.0}, {'id': 'gt_2', 'mode': 'train', 'operator': 'Kereta Api Indonesia', 'departure_time': '14:00', 'arrival_time': '21:00', 'duration': '7h 0m', 'price_usd': 30.0}, {'id': 'gt_3', 'mode': 'bus', 'operator': 'Pahala Kencana', 'departure_time': '09:00', 'arrival_time': '18:00', 'duration': '9h 0m', 'price_usd': 20.0}]}, {'leg_from': 'Yogyakarta', 'leg_to': 'Bali', 'distance_km': 723, 'driving_duration_hours': 13.3, 'options': [{'id': 'gt_1', 'mode': 'train', 'operator': 'Kereta Api Indonesia', 'departure_time': '07:00', 'arrival_time': '21:30', 'duration': '14h 30m', 'price_usd': 30.0}, {'id': 'gt_2', 'mode': 'bus', 'operator': 'Gunung Harta', 'departure_time': '08:00', 'arrival_time': '22:00', 'duration': '14h 0m', 'price_usd': 35.0}, {'id': 'gt_3', 'mode': 'bus', 'operator': 'Maju Lancar', 'departure_time': '18:00', 'arrival_time': '08:00', 'duration': '14h 0m', 'price_usd': 32.0}]}]
[GT-PLAN] All legs considered for ground transport:
  leg 0: Colombo (Sri Lanka) → Tokyo (Japan) — same_country=False
  leg 1: Tokyo (Japan) → Kyoto (Japan) — same_country=True
  leg 2: Kyoto (Japan) → Osaka (Japan) — same_country=True
[GT-PLAN] Domestic legs passed to get_ground_transport: [('Tokyo', 'Kyoto'), ('Kyoto', 'Osaka')]
[GT-RAW] Kyoto → Osaka: HTTP 200 | full response = {"destination_addresses": ["Osaka, Japan"], "origin_addresses": ["Kyoto, Japan"], "rows": [{"elements": [{"distance": {"text": "56.3 km", "value": 56275}, "duration": {"text": "1 hour 2 mins", "value": 3695}, "status": "OK"}]}], "status": "OK"}
[GT-MAPS] Kyoto → Osaka: element status=OK, element={'distance': {'text': '56.3 km', 'value': 56275}, 'duration': {'text': '1 hour 2 mins', 'value': 3695}, 'status': 'OK'}
[GT] Kyoto → Osaka: distance_km=56.275, driving_hours=1.0263888888888888
[GT] Kyoto → Osaka: PASSED threshold — generating options
[GT-RAW] Tokyo → Kyoto: HTTP 200 | full response = {"destination_addresses": ["Kyoto, Japan"], "origin_addresses": ["Tokyo, Japan"], "rows": [{"elements": [{"distance": {"text": "450 km", "value": 449502}, "duration": {"text": "5 hours 35 mins", "value": 20100}, "status": "OK"}]}], "status": "OK"}
[GT-MAPS] Tokyo → Kyoto: element status=OK, element={'distance': {'text': '450 km', 'value': 449502}, 'duration': {'text': '5 hours 35 mins', 'value': 20100}, 'status': 'OK'}
[GT] Tokyo → Kyoto: distance_km=449.502, driving_hours=5.583333333333333
[GT] Tokyo → Kyoto: PASSED threshold — generating options
[GT-PLAN] Raw gt_results: [{'leg_from': 'Tokyo', 'leg_to': 'Kyoto', 'distance_km': 450, 'driving_duration_hours': 5.6, 'options': [{'id': 'gt_1', 'mode': 'train', 'operator': 'JR Tokaido Shinkansen', 'departure_time': '08:00', 'arrival_time': '10:30', 'duration': '2h 30m', 'price_usd': 120.0}, {'id': 'gt_2', 'mode': 'bus', 'operator': 'Willer Express', 'departure_time': '07:00', 'arrival_time': '13:00', 'duration': '6h 0m', 'price_usd': 45.0}, {'id': 'gt_3', 'mode': 'train', 'operator': 'JR Tokaido Shinkansen', 'departure_time': '12:00', 'arrival_time': '14:30', 'duration': '2h 30m', 'price_usd': 120.0}]}, {'leg_from': 'Kyoto', 'leg_to': 'Osaka', 'distance_km': 56, 'driving_duration_hours': 1.0, 'options': [{'id': 'gt_1', 'mode': 'train', 'operator': 'JR West', 'departure_time': '09:00', 'arrival_time': '09:30', 'duration': '0h 30m', 'price_usd': 15.0}, {'id': 'gt_2', 'mode': 'train', 'operator': 'Keihan Railway', 'departure_time': '09:15', 'arrival_time': '10:00', 'duration': '0h 45m', 'price_usd': 10.0}, {'id': 'gt_3', 'mode': 'bus', 'operator': 'Kintetsu Bus', 'departure_time': '09:30', 'arrival_time': '10:30', 'duration': '1h 0m', 'price_usd': 8.0}]}]
[GT-PLAN] Final ground_transport returned: [{'leg_from': 'Tokyo', 'leg_to': 'Kyoto', 'distance_km': 450, 'driving_duration_hours': 5.6, 'options': [{'id': 'gt_1', 'mode': 'train', 'operator': 'JR Tokaido Shinkansen', 'departure_time': '08:00', 'arrival_time': '10:30', 'duration': '2h 30m', 'price_usd': 120.0}, {'id': 'gt_2', 'mode': 'bus', 'operator': 'Willer Express', 'departure_time': '07:00', 'arrival_time': '13:00', 'duration': '6h 0m', 'price_usd': 45.0}, {'id': 'gt_3', 'mode': 'train', 'operator': 'JR Tokaido Shinkansen', 'departure_time': '12:00', 'arrival_time': '14:30', 'duration': '2h 30m', 'price_usd': 120.0}]}, {'leg_from': 'Kyoto', 'leg_to': 'Osaka', 'distance_km': 56, 'driving_duration_hours': 1.0, 'options': [{'id': 'gt_1', 'mode': 'train', 'operator': 'JR West', 'departure_time': '09:00', 'arrival_time': '09:30', 'duration': '0h 30m', 'price_usd': 15.0}, {'id': 'gt_2', 'mode': 'train', 'operator': 'Keihan Railway', 'departure_time': '09:15', 'arrival_time': '10:00', 'duration': '0h 45m', 'price_usd': 10.0}, {'id': 'gt_3', 'mode': 'bus', 'operator': 'Kintetsu Bus', 'departure_time': '09:30', 'arrival_time': '10:30', 'duration': '1h 0m', 'price_usd': 8.0}]}]
[GT-PLAN] All legs considered for ground transport:
  leg 0: Colombo (Sri Lanka) → Jakarta (Indonesia) — same_country=False
  leg 1: Jakarta (Indonesia) → Yogyakarta (Indonesia) — same_country=True
  leg 2: Yogyakarta (Indonesia) → Bali (Indonesia) — same_country=True
[GT-PLAN] Domestic legs passed to get_ground_transport: [('Jakarta', 'Yogyakarta'), ('Yogyakarta', 'Bali')]
[GT-RAW] Jakarta → Yogyakarta: HTTP 200 | full response = {"destination_addresses": ["Yogyakarta, Yogyakarta City, Special Region of Yogyakarta, Indonesia"], "origin_addresses": ["Jakarta, Indonesia"], "rows": [{"elements": [{"distance": {"text": "575 km", "value": 575458}, "duration": {"text": "7 hours 55 mins", "value": 28491}, "status": "OK"}]}], "status": "OK"}
[GT-MAPS] Jakarta → Yogyakarta: element status=OK, element={'distance': {'text': '575 km', 'value': 575458}, 'duration': {'text': '7 hours 55 mins', 'value': 28491}, 'status': 'OK'}
[GT] Jakarta → Yogyakarta: distance_km=575.458, driving_hours=7.914166666666667
[GT] Jakarta → Yogyakarta: PASSED threshold — generating options
[GT-RAW] Yogyakarta → Bali: HTTP 200 | full response = {"destination_addresses": ["Bali, Indonesia"], "origin_addresses": ["Yogyakarta, Yogyakarta City, Special Region of Yogyakarta, Indonesia"], "rows": [{"elements": [{"distance": {"text": "723 km", "value": 722717}, "duration": {"text": "13 hours 18 mins", "value": 47857}, "status": "OK"}]}], "status": "OK"}
[GT-MAPS] Yogyakarta → Bali: element status=OK, element={'distance': {'text': '723 km', 'value': 722717}, 'duration': {'text': '13 hours 18 mins', 'value': 47857}, 'status': 'OK'}
[GT] Yogyakarta → Bali: distance_km=722.717, driving_hours=13.293611111111112
[GT] Yogyakarta → Bali: PASSED threshold — generating options
[GT-PLAN] Raw gt_results: [{'leg_from': 'Jakarta', 'leg_to': 'Yogyakarta', 'distance_km': 575, 'driving_duration_hours': 7.9, 'options': [{'id': 'gt_1', 'mode': 'train', 'operator': 'PT Kereta Api Indonesia', 'departure_time': '08:00', 'arrival_time': '15:30', 'duration': '7h 30m', 'price_usd': 30.0}, {'id': 'gt_2', 'mode': 'train', 'operator': 'PT Kereta Api Indonesia', 'departure_time': '20:00', 'arrival_time': '03:45', 'duration': '7h 45m', 'price_usd': 28.0}, {'id': 'gt_3', 'mode': 'bus', 'operator': 'Rosalia Indah', 'departure_time': '09:00', 'arrival_time': '18:00', 'duration': '9h 0m', 'price_usd': 20.0}]}, {'leg_from': 'Yogyakarta', 'leg_to': 'Bali', 'distance_km': 723, 'driving_duration_hours': 13.3, 'options': [{'id': 'gt_1', 'mode': 'train', 'operator': 'Kereta Api Indonesia', 'departure_time': '08:00', 'arrival_time': '20:30', 'duration': '12h 30m', 'price_usd': 30.0}, {'id': 'gt_2', 'mode': 'bus', 'operator': 'Rosalia Indah', 'departure_time': '07:00', 'arrival_time': '22:30', 'duration': '15h 30m', 'price_usd': 28.0}, {'id': 'gt_3', 'mode': 'bus', 'operator': 'Maju Lancar', 'departure_time': '18:00', 'arrival_time': '09:00', 'duration': '15h 0m', 'price_usd': 27.0}]}]
[GT-PLAN] Final ground_transport returned: [{'leg_from': 'Jakarta', 'leg_to': 'Yogyakarta', 'distance_km': 575, 'driving_duration_hours': 7.9, 'options': [{'id': 'gt_1', 'mode': 'train', 'operator': 'PT Kereta Api Indonesia', 'departure_time': '08:00', 'arrival_time': '15:30', 'duration': '7h 30m', 'price_usd': 30.0}, {'id': 'gt_2', 'mode': 'train', 'operator': 'PT Kereta Api Indonesia', 'departure_time': '20:00', 'arrival_time': '03:45', 'duration': '7h 45m', 'price_usd': 28.0}, {'id': 'gt_3', 'mode': 'bus', 'operator': 'Rosalia Indah', 'departure_time': '09:00', 'arrival_time': '18:00', 'duration': '9h 0m', 'price_usd': 20.0}]}, {'leg_from': 'Yogyakarta', 'leg_to': 'Bali', 'distance_km': 723, 'driving_duration_hours': 13.3, 'options': [{'id': 'gt_1', 'mode': 'train', 'operator': 'Kereta Api Indonesia', 'departure_time': '08:00', 'arrival_time': '20:30', 'duration': '12h 30m', 'price_usd': 30.0}, {'id': 'gt_2', 'mode': 'bus', 'operator': 'Rosalia Indah', 'departure_time': '07:00', 'arrival_time': '22:30', 'duration': '15h 30m', 'price_usd': 28.0}, {'id': 'gt_3', 'mode': 'bus', 'operator': 'Maju Lancar', 'departure_time': '18:00', 'arrival_time': '09:00', 'duration': '15h 0m', 'price_usd': 27.0}]}]
[GT-PLAN] All legs considered for ground transport:
  leg 0: Colombo (Sri Lanka) → Jakarta (Indonesia) — same_country=False
  leg 1: Jakarta (Indonesia) → Yogyakarta (Indonesia) — same_country=True
  leg 2: Yogyakarta (Indonesia) → Bali (Indonesia) — same_country=True
[GT-PLAN] Domestic legs passed to get_ground_transport: [('Jakarta', 'Yogyakarta'), ('Yogyakarta', 'Bali')]
[GT-RAW] Yogyakarta → Bali: HTTP 200 | full response = {"destination_addresses": ["Bali, Indonesia"], "origin_addresses": ["Yogyakarta, Yogyakarta City, Special Region of Yogyakarta, Indonesia"], "rows": [{"elements": [{"distance": {"text": "723 km", "value": 722717}, "duration": {"text": "13 hours 18 mins", "value": 47857}, "status": "OK"}]}], "status": "OK"}
[GT-MAPS] Yogyakarta → Bali: element status=OK, element={'distance': {'text': '723 km', 'value': 722717}, 'duration': {'text': '13 hours 18 mins', 'value': 47857}, 'status': 'OK'}
[GT] Yogyakarta → Bali: distance_km=722.717, driving_hours=13.293611111111112
[GT] Yogyakarta → Bali: PASSED threshold — generating options
[GT-RAW] Jakarta → Yogyakarta: HTTP 200 | full response = {"destination_addresses": ["Yogyakarta, Yogyakarta City, Special Region of Yogyakarta, Indonesia"], "origin_addresses": ["Jakarta, Indonesia"], "rows": [{"elements": [{"distance": {"text": "575 km", "value": 575458}, "duration": {"text": "7 hours 55 mins", "value": 28491}, "status": "OK"}]}], "status": "OK"}
[GT-MAPS] Jakarta → Yogyakarta: element status=OK, element={'distance': {'text': '575 km', 'value': 575458}, 'duration': {'text': '7 hours 55 mins', 'value': 28491}, 'status': 'OK'}
[GT] Jakarta → Yogyakarta: distance_km=575.458, driving_hours=7.914166666666667
[GT] Jakarta → Yogyakarta: PASSED threshold — generating options
[GT-PLAN] Raw gt_results: [{'leg_from': 'Jakarta', 'leg_to': 'Yogyakarta', 'distance_km': 575, 'driving_duration_hours': 7.9, 'options': [{'id': 'gt_1', 'mode': 'train', 'operator': 'Kereta Api Indonesia', 'departure_time': '08:00', 'arrival_time': '15:00', 'duration': '7h 0m', 'price_usd': 30.0}, {'id': 'gt_2', 'mode': 'train', 'operator': 'Kereta Api Indonesia', 'departure_time': '21:00', 'arrival_time': '04:30', 'duration': '7h 30m', 'price_usd': 28.0}, {'id': 'gt_3', 'mode': 'bus', 'operator': 'Pahala Kencana', 'departure_time': '09:00', 'arrival_time': '18:00', 'duration': '9h 0m', 'price_usd': 20.0}]}, {'leg_from': 'Yogyakarta', 'leg_to': 'Bali', 'distance_km': 723, 'driving_duration_hours': 13.3, 'options': [{'id': 'gt_1', 'mode': 'train', 'operator': 'Kereta Api Indonesia', 'departure_time': '07:00', 'arrival_time': '21:30', 'duration': '14h 30m', 'price_usd': 30.0}, {'id': 'gt_2', 'mode': 'bus', 'operator': 'Gunung Harta', 'departure_time': '08:00', 'arrival_time': '22:00', 'duration': '14h 0m', 'price_usd': 28.0}, {'id': 'gt_3', 'mode': 'bus', 'operator': 'Maju Lancar', 'departure_time': '09:00', 'arrival_time': '23:30', 'duration': '14h 30m', 'price_usd': 27.0}]}]
[GT-PLAN] Final ground_transport returned: [{'leg_from': 'Jakarta', 'leg_to': 'Yogyakarta', 'distance_km': 575, 'driving_duration_hours': 7.9, 'options': [{'id': 'gt_1', 'mode': 'train', 'operator': 'Kereta Api Indonesia', 'departure_time': '08:00', 'arrival_time': '15:00', 'duration': '7h 0m', 'price_usd': 30.0}, {'id': 'gt_2', 'mode': 'train', 'operator': 'Kereta Api Indonesia', 'departure_time': '21:00', 'arrival_time': '04:30', 'duration': '7h 30m', 'price_usd': 28.0}, {'id': 'gt_3', 'mode': 'bus', 'operator': 'Pahala Kencana', 'departure_time': '09:00', 'arrival_time': '18:00', 'duration': '9h 0m', 'price_usd': 20.0}]}, {'leg_from': 'Yogyakarta', 'leg_to': 'Bali', 'distance_km': 723, 'driving_duration_hours': 13.3, 'options': [{'id': 'gt_1', 'mode': 'train', 'operator': 'Kereta Api Indonesia', 'departure_time': '07:00', 'arrival_time': '21:30', 'duration': '14h 30m', 'price_usd': 30.0}, {'id': 'gt_2', 'mode': 'bus', 'operator': 'Gunung Harta', 'departure_time': '08:00', 'arrival_time': '22:00', 'duration': '14h 0m', 'price_usd': 28.0}, {'id': 'gt_3', 'mode': 'bus', 'operator': 'Maju Lancar', 'departure_time': '09:00', 'arrival_time': '23:30', 'duration': '14h 30m', 'price_usd': 27.0}]}]
[GT-PLAN] All legs considered for ground transport:
  leg 0: Colombo (Sri Lanka) → Jakarta (Indonesia) — same_country=False
  leg 1: Jakarta (Indonesia) → Yogyakarta (Indonesia) — same_country=True
  leg 2: Yogyakarta (Indonesia) → Bali (Indonesia) — same_country=True
[GT-PLAN] Domestic legs passed to get_ground_transport: [('Jakarta', 'Yogyakarta'), ('Yogyakarta', 'Bali')]
[GT-RAW] Jakarta → Yogyakarta: HTTP 200 | full response = {"destination_addresses": ["Yogyakarta, Yogyakarta City, Special Region of Yogyakarta, Indonesia"], "origin_addresses": ["Jakarta, Indonesia"], "rows": [{"elements": [{"distance": {"text": "575 km", "value": 575458}, "duration": {"text": "7 hours 55 mins", "value": 28491}, "status": "OK"}]}], "status": "OK"}
[GT-MAPS] Jakarta → Yogyakarta: element status=OK, element={'distance': {'text': '575 km', 'value': 575458}, 'duration': {'text': '7 hours 55 mins', 'value': 28491}, 'status': 'OK'}
[GT] Jakarta → Yogyakarta: distance_km=575.458, driving_hours=7.914166666666667
[GT] Jakarta → Yogyakarta: PASSED threshold — generating options
[GT-RAW] Yogyakarta → Bali: HTTP 200 | full response = {"destination_addresses": ["Bali, Indonesia"], "origin_addresses": ["Yogyakarta, Yogyakarta City, Special Region of Yogyakarta, Indonesia"], "rows": [{"elements": [{"distance": {"text": "723 km", "value": 722717}, "duration": {"text": "13 hours 18 mins", "value": 47857}, "status": "OK"}]}], "status": "OK"}
[GT-MAPS] Yogyakarta → Bali: element status=OK, element={'distance': {'text': '723 km', 'value': 722717}, 'duration': {'text': '13 hours 18 mins', 'value': 47857}, 'status': 'OK'}
[GT] Yogyakarta → Bali: distance_km=722.717, driving_hours=13.293611111111112
[GT] Yogyakarta → Bali: PASSED threshold — generating options
[GT-PLAN] Raw gt_results: [{'leg_from': 'Jakarta', 'leg_to': 'Yogyakarta', 'distance_km': 575, 'driving_duration_hours': 7.9, 'options': [{'id': 'gt_1', 'mode': 'train', 'operator': 'Kereta Api Indonesia', 'departure_time': '08:00', 'arrival_time': '16:00', 'duration': '8h 0m', 'price_usd': 30.0}, {'id': 'gt_2', 'mode': 'train', 'operator': 'Kereta Api Indonesia', 'departure_time': '20:00', 'arrival_time': '04:00', 'duration': '8h 0m', 'price_usd': 28.0}, {'id': 'gt_3', 'mode': 'bus', 'operator': 'Pahala Kencana', 'departure_time': '07:30', 'arrival_time': '17:30', 'duration': '10h 0m', 'price_usd': 20.0}]}, {'leg_from': 'Yogyakarta', 'leg_to': 'Bali', 'distance_km': 723, 'driving_duration_hours': 13.3, 'options': [{'id': 'gt_1', 'mode': 'train', 'operator': 'Kereta Api Indonesia', 'departure_time': '08:00', 'arrival_time': '22:30', 'duration': '14h 30m', 'price_usd': 30.0}, {'id': 'gt_2', 'mode': 'bus', 'operator': 'Lorena Transport', 'departure_time': '07:00', 'arrival_time': '22:00', 'duration': '15h 0m', 'price_usd': 28.0}, {'id': 'gt_3', 'mode': 'bus', 'operator': 'Pahala Kencana', 'departure_time': '09:00', 'arrival_time': '00:30', 'duration': '15h 30m', 'price_usd': 27.0}]}]
[GT-PLAN] Final ground_transport returned: [{'leg_from': 'Jakarta', 'leg_to': 'Yogyakarta', 'distance_km': 575, 'driving_duration_hours': 7.9, 'options': [{'id': 'gt_1', 'mode': 'train', 'operator': 'Kereta Api Indonesia', 'departure_time': '08:00', 'arrival_time': '16:00', 'duration': '8h 0m', 'price_usd': 30.0}, {'id': 'gt_2', 'mode': 'train', 'operator': 'Kereta Api Indonesia', 'departure_time': '20:00', 'arrival_time': '04:00', 'duration': '8h 0m', 'price_usd': 28.0}, {'id': 'gt_3', 'mode': 'bus', 'operator': 'Pahala Kencana', 'departure_time': '07:30', 'arrival_time': '17:30', 'duration': '10h 0m', 'price_usd': 20.0}]}, {'leg_from': 'Yogyakarta', 'leg_to': 'Bali', 'distance_km': 723, 'driving_duration_hours': 13.3, 'options': [{'id': 'gt_1', 'mode': 'train', 'operator': 'Kereta Api Indonesia', 'departure_time': '08:00', 'arrival_time': '22:30', 'duration': '14h 30m', 'price_usd': 30.0}, {'id': 'gt_2', 'mode': 'bus', 'operator': 'Lorena Transport', 'departure_time': '07:00', 'arrival_time': '22:00', 'duration': '15h 0m', 'price_usd': 28.0}, {'id': 'gt_3', 'mode': 'bus', 'operator': 'Pahala Kencana', 'departure_time': '09:00', 'arrival_time': '00:30', 'duration': '15h 30m', 'price_usd': 27.0}]}]
[GT-PLAN] All legs considered for ground transport:
  leg 0: Colombo (Sri Lanka) → Hanoi (Vietnam) — same_country=False
  leg 1: Hanoi (Vietnam) → Da Nang (Vietnam) — same_country=True
  leg 2: Da Nang (Vietnam) → Ho Chi Minh City (Vietnam) — same_country=True
[GT-PLAN] Domestic legs passed to get_ground_transport: [('Hanoi', 'Da Nang'), ('Da Nang', 'Ho Chi Minh City')]
[GT-RAW] Da Nang → Ho Chi Minh City: HTTP 200 | full response = {"destination_addresses": ["Ho Chi Minh City, Ho Chi Minh, Vietnam"], "origin_addresses": ["Da Nang, Hai Chau, Da Nang, Vietnam"], "rows": [{"elements": [{"distance": {"text": "904 km", "value": 904070}, "duration": {"text": "12 hours 23 mins", "value": 44593}, "status": "OK"}]}], "status": "OK"}
[GT-MAPS] Da Nang → Ho Chi Minh City: element status=OK, element={'distance': {'text': '904 km', 'value': 904070}, 'duration': {'text': '12 hours 23 mins', 'value': 44593}, 'status': 'OK'}
[GT] Da Nang → Ho Chi Minh City: distance_km=904.07, driving_hours=12.386944444444444
[GT] Da Nang → Ho Chi Minh City: PASSED threshold — generating options
[GT-RAW] Hanoi → Da Nang: HTTP 200 | full response = {"destination_addresses": ["Da Nang, Hai Chau, Da Nang, Vietnam"], "origin_addresses": ["Hanoi, Ha Noi, Vietnam"], "rows": [{"elements": [{"distance": {"text": "741 km", "value": 741324}, "duration": {"text": "11 hours 5 mins", "value": 39927}, "status": "OK"}]}], "status": "OK"}
[GT-MAPS] Hanoi → Da Nang: element status=OK, element={'distance': {'text': '741 km', 'value': 741324}, 'duration': {'text': '11 hours 5 mins', 'value': 39927}, 'status': 'OK'}
[GT] Hanoi → Da Nang: distance_km=741.324, driving_hours=11.090833333333334
[GT] Hanoi → Da Nang: PASSED threshold — generating options
[GT-PLAN] Raw gt_results: [{'leg_from': 'Hanoi', 'leg_to': 'Da Nang', 'distance_km': 741, 'driving_duration_hours': 11.1, 'options': [{'id': 'gt_1', 'mode': 'train', 'operator': 'Vietnam Railways', 'departure_time': '06:00', 'arrival_time': '19:30', 'duration': '13h 30m', 'price_usd': 30.0}, {'id': 'gt_2', 'mode': 'train', 'operator': 'SE3 Express', 'departure_time': '19:00', 'arrival_time': '08:30', 'duration': '13h 30m', 'price_usd': 35.0}, {'id': 'gt_3', 'mode': 'bus', 'operator': 'Hoang Long Bus', 'departure_time': '17:00', 'arrival_time': '06:00', 'duration': '13h 0m', 'price_usd': 25.0}]}, {'leg_from': 'Da Nang', 'leg_to': 'Ho Chi Minh City', 'distance_km': 904, 'driving_duration_hours': 12.4, 'options': [{'id': 'gt_1', 'mode': 'train', 'operator': 'Vietnam Railways', 'departure_time': '14:30', 'arrival_time': '05:30', 'duration': '15h 0m', 'price_usd': 35.0}, {'id': 'gt_2', 'mode': 'bus', 'operator': 'Sinh Tourist', 'departure_time': '18:00', 'arrival_time': '08:30', 'duration': '14h 30m', 'price_usd': 30.0}, {'id': 'gt_3', 'mode': 'train', 'operator': 'SE3 Express', 'departure_time': '09:00', 'arrival_time': '23:00', 'duration': '14h 0m', 'price_usd': 40.0}]}]
[GT-PLAN] Final ground_transport returned: [{'leg_from': 'Hanoi', 'leg_to': 'Da Nang', 'distance_km': 741, 'driving_duration_hours': 11.1, 'options': [{'id': 'gt_1', 'mode': 'train', 'operator': 'Vietnam Railways', 'departure_time': '06:00', 'arrival_time': '19:30', 'duration': '13h 30m', 'price_usd': 30.0}, {'id': 'gt_2', 'mode': 'train', 'operator': 'SE3 Express', 'departure_time': '19:00', 'arrival_time': '08:30', 'duration': '13h 30m', 'price_usd': 35.0}, {'id': 'gt_3', 'mode': 'bus', 'operator': 'Hoang Long Bus', 'departure_time': '17:00', 'arrival_time': '06:00', 'duration': '13h 0m', 'price_usd': 25.0}]}, {'leg_from': 'Da Nang', 'leg_to': 'Ho Chi Minh City', 'distance_km': 904, 'driving_duration_hours': 12.4, 'options': [{'id': 'gt_1', 'mode': 'train', 'operator': 'Vietnam Railways', 'departure_time': '14:30', 'arrival_time': '05:30', 'duration': '15h 0m', 'price_usd': 35.0}, {'id': 'gt_2', 'mode': 'bus', 'operator': 'Sinh Tourist', 'departure_time': '18:00', 'arrival_time': '08:30', 'duration': '14h 30m', 'price_usd': 30.0}, {'id': 'gt_3', 'mode': 'train', 'operator': 'SE3 Express', 'departure_time': '09:00', 'arrival_time': '23:00', 'duration': '14h 0m', 'price_usd': 40.0}]}]
[GT-PLAN] All legs considered for ground transport:
  leg 0: Colombo (Sri Lanka) → Hanoi (Vietnam) — same_country=False
  leg 1: Hanoi (Vietnam) → Hue (Vietnam) — same_country=True
  leg 2: Hue (Vietnam) → Ho Chi Minh City (Vietnam) — same_country=True
[GT-PLAN] Domestic legs passed to get_ground_transport: [('Hanoi', 'Hue'), ('Hue', 'Ho Chi Minh City')]
[GT-RAW] Hanoi → Hue: HTTP 200 | full response = {"destination_addresses": ["Hu\u1ebf, Hue, Vietnam"], "origin_addresses": ["Hanoi, Ha Noi, Vietnam"], "rows": [{"elements": [{"distance": {"text": "661 km", "value": 661204}, "duration": {"text": "9 hours 29 mins", "value": 34147}, "status": "OK"}]}], "status": "OK"}
[GT-MAPS] Hanoi → Hue: element status=OK, element={'distance': {'text': '661 km', 'value': 661204}, 'duration': {'text': '9 hours 29 mins', 'value': 34147}, 'status': 'OK'}
[GT] Hanoi → Hue: distance_km=661.204, driving_hours=9.485277777777778
[GT] Hanoi → Hue: PASSED threshold — generating options
[GT-RAW] Hue → Ho Chi Minh City: HTTP 200 | full response = {"destination_addresses": ["Ho Chi Minh City, Ho Chi Minh, Vietnam"], "origin_addresses": ["Hu\u1ebf, Hue, Vietnam"], "rows": [{"elements": [{"distance": {"text": "1,004 km", "value": 1003615}, "duration": {"text": "14 hours 5 mins", "value": 50689}, "status": "OK"}]}], "status": "OK"}
[GT-MAPS] Hue → Ho Chi Minh City: element status=OK, element={'distance': {'text': '1,004 km', 'value': 1003615}, 'duration': {'text': '14 hours 5 mins', 'value': 50689}, 'status': 'OK'}
[GT] Hue → Ho Chi Minh City: distance_km=1003.615, driving_hours=14.080277777777777
[GT] Hue → Ho Chi Minh City: PASSED threshold — generating options
[GT-PLAN] Raw gt_results: [{'leg_from': 'Hanoi', 'leg_to': 'Hue', 'distance_km': 661, 'driving_duration_hours': 9.5, 'options': [{'id': 'gt_1', 'mode': 'train', 'operator': 'Vietnam Railways', 'departure_time': '19:30', 'arrival_time': '06:30', 'duration': '11h 0m', 'price_usd': 30.0}, {'id': 'gt_2', 'mode': 'bus', 'operator': 'Sinh Tourist', 'departure_time': '18:00', 'arrival_time': '05:30', 'duration': '11h 30m', 'price_usd': 20.0}, {'id': 'gt_3', 'mode': 'train', 'operator': 'Livitrans Express', 'departure_time': '20:00', 'arrival_time': '07:00', 'duration': '11h 0m', 'price_usd': 35.0}]}, {'leg_from': 'Hue', 'leg_to': 'Ho Chi Minh City', 'distance_km': 1004, 'driving_duration_hours': 14.1, 'options': [{'id': 'gt_1', 'mode': 'train', 'operator': 'Vietnam Railways', 'departure_time': '08:00', 'arrival_time': '22:30', 'duration': '14h 30m', 'price_usd': 35.0}, {'id': 'gt_2', 'mode': 'bus', 'operator': 'Sinh Tourist', 'departure_time': '17:00', 'arrival_time': '08:00', 'duration': '15h 0m', 'price_usd': 30.0}, {'id': 'gt_3', 'mode': 'train', 'operator': 'SE3 Express', 'departure_time': '15:00', 'arrival_time': '05:30', 'duration': '14h 30m', 'price_usd': 40.0}]}]
[GT-PLAN] Final ground_transport returned: [{'leg_from': 'Hanoi', 'leg_to': 'Hue', 'distance_km': 661, 'driving_duration_hours': 9.5, 'options': [{'id': 'gt_1', 'mode': 'train', 'operator': 'Vietnam Railways', 'departure_time': '19:30', 'arrival_time': '06:30', 'duration': '11h 0m', 'price_usd': 30.0}, {'id': 'gt_2', 'mode': 'bus', 'operator': 'Sinh Tourist', 'departure_time': '18:00', 'arrival_time': '05:30', 'duration': '11h 30m', 'price_usd': 20.0}, {'id': 'gt_3', 'mode': 'train', 'operator': 'Livitrans Express', 'departure_time': '20:00', 'arrival_time': '07:00', 'duration': '11h 0m', 'price_usd': 35.0}]}, {'leg_from': 'Hue', 'leg_to': 'Ho Chi Minh City', 'distance_km': 1004, 'driving_duration_hours': 14.1, 'options': [{'id': 'gt_1', 'mode': 'train', 'operator': 'Vietnam Railways', 'departure_time': '08:00', 'arrival_time': '22:30', 'duration': '14h 30m', 'price_usd': 35.0}, {'id': 'gt_2', 'mode': 'bus', 'operator': 'Sinh Tourist', 'departure_time': '17:00', 'arrival_time': '08:00', 'duration': '15h 0m', 'price_usd': 30.0}, {'id': 'gt_3', 'mode': 'train', 'operator': 'SE3 Express', 'departure_time': '15:00', 'arrival_time': '05:30', 'duration': '14h 30m', 'price_usd': 40.0}]}]
[GT-PLAN] All legs considered for ground transport:
  leg 0: Colombo (Sri Lanka) → Hanoi (Vietnam) — same_country=False
  leg 1: Hanoi (Vietnam) → Da Nang (Vietnam) — same_country=True
  leg 2: Da Nang (Vietnam) → Ho Chi Minh City (Vietnam) — same_country=True
[GT-PLAN] Domestic legs passed to get_ground_transport: [('Hanoi', 'Da Nang'), ('Da Nang', 'Ho Chi Minh City')]
[GT-RAW] Da Nang → Ho Chi Minh City: HTTP 200 | full response = {"destination_addresses": ["Ho Chi Minh City, Ho Chi Minh, Vietnam"], "origin_addresses": ["Da Nang, Hai Chau, Da Nang, Vietnam"], "rows": [{"elements": [{"distance": {"text": "904 km", "value": 904070}, "duration": {"text": "12 hours 23 mins", "value": 44593}, "status": "OK"}]}], "status": "OK"}
[GT-MAPS] Da Nang → Ho Chi Minh City: element status=OK, element={'distance': {'text': '904 km', 'value': 904070}, 'duration': {'text': '12 hours 23 mins', 'value': 44593}, 'status': 'OK'}
[GT] Da Nang → Ho Chi Minh City: distance_km=904.07, driving_hours=12.386944444444444
[GT] Da Nang → Ho Chi Minh City: PASSED threshold — generating options
[GT-RAW] Hanoi → Da Nang: HTTP 200 | full response = {"destination_addresses": ["Da Nang, Hai Chau, Da Nang, Vietnam"], "origin_addresses": ["Hanoi, Ha Noi, Vietnam"], "rows": [{"elements": [{"distance": {"text": "741 km", "value": 741324}, "duration": {"text": "11 hours 5 mins", "value": 39927}, "status": "OK"}]}], "status": "OK"}
[GT-MAPS] Hanoi → Da Nang: element status=OK, element={'distance': {'text': '741 km', 'value': 741324}, 'duration': {'text': '11 hours 5 mins', 'value': 39927}, 'status': 'OK'}
[GT] Hanoi → Da Nang: distance_km=741.324, driving_hours=11.090833333333334
[GT] Hanoi → Da Nang: PASSED threshold — generating options
[GT-PLAN] Raw gt_results: [{'leg_from': 'Hanoi', 'leg_to': 'Da Nang', 'distance_km': 741, 'driving_duration_hours': 11.1, 'options': [{'id': 'gt_1', 'mode': 'train', 'operator': 'Vietnam Railways', 'departure_time': '19:30', 'arrival_time': '09:00', 'duration': '13h 30m', 'price_usd': 35.0}, {'id': 'gt_2', 'mode': 'bus', 'operator': 'Sinh Tourist', 'departure_time': '18:00', 'arrival_time': '07:00', 'duration': '13h 0m', 'price_usd': 30.0}, {'id': 'gt_3', 'mode': 'train', 'operator': 'SE3 Express', 'departure_time': '06:00', 'arrival_time': '19:30', 'duration': '13h 30m', 'price_usd': 40.0}]}, {'leg_from': 'Da Nang', 'leg_to': 'Ho Chi Minh City', 'distance_km': 904, 'driving_duration_hours': 12.4, 'options': [{'id': 'gt_1', 'mode': 'train', 'operator': 'Vietnam Railways', 'departure_time': '14:30', 'arrival_time': '05:30', 'duration': '15h 0m', 'price_usd': 35.0}, {'id': 'gt_2', 'mode': 'bus', 'operator': 'Sinh Tourist', 'departure_time': '17:00', 'arrival_time': '07:30', 'duration': '14h 30m', 'price_usd': 30.0}, {'id': 'gt_3', 'mode': 'train', 'operator': 'SE3 Express', 'departure_time': '09:00', 'arrival_time': '23:00', 'duration': '14h 0m', 'price_usd': 40.0}]}]
[GT-PLAN] Final ground_transport returned: [{'leg_from': 'Hanoi', 'leg_to': 'Da Nang', 'distance_km': 741, 'driving_duration_hours': 11.1, 'options': [{'id': 'gt_1', 'mode': 'train', 'operator': 'Vietnam Railways', 'departure_time': '19:30', 'arrival_time': '09:00', 'duration': '13h 30m', 'price_usd': 35.0}, {'id': 'gt_2', 'mode': 'bus', 'operator': 'Sinh Tourist', 'departure_time': '18:00', 'arrival_time': '07:00', 'duration': '13h 0m', 'price_usd': 30.0}, {'id': 'gt_3', 'mode': 'train', 'operator': 'SE3 Express', 'departure_time': '06:00', 'arrival_time': '19:30', 'duration': '13h 30m', 'price_usd': 40.0}]}, {'leg_from': 'Da Nang', 'leg_to': 'Ho Chi Minh City', 'distance_km': 904, 'driving_duration_hours': 12.4, 'options': [{'id': 'gt_1', 'mode': 'train', 'operator': 'Vietnam Railways', 'departure_time': '14:30', 'arrival_time': '05:30', 'duration': '15h 0m', 'price_usd': 35.0}, {'id': 'gt_2', 'mode': 'bus', 'operator': 'Sinh Tourist', 'departure_time': '17:00', 'arrival_time': '07:30', 'duration': '14h 30m', 'price_usd': 30.0}, {'id': 'gt_3', 'mode': 'train', 'operator': 'SE3 Express', 'departure_time': '09:00', 'arrival_time': '23:00', 'duration': '14h 0m', 'price_usd': 40.0}]}]
[GT-PLAN] All legs considered for ground transport:
  leg 0: colombo (Sri Lanka) → Jakarta (Indonesia) — same_country=False
  leg 1: Jakarta (Indonesia) → Yogyakarta (Indonesia) — same_country=True
  leg 2: Yogyakarta (Indonesia) → Bali (Indonesia) — same_country=True
[GT-PLAN] Domestic legs passed to get_ground_transport: [('Jakarta', 'Yogyakarta'), ('Yogyakarta', 'Bali')]
[GT-RAW] Jakarta → Yogyakarta: HTTP 200 | full response = {"destination_addresses": ["Yogyakarta, Yogyakarta City, Special Region of Yogyakarta, Indonesia"], "origin_addresses": ["Jakarta, Indonesia"], "rows": [{"elements": [{"distance": {"text": "575 km", "value": 575458}, "duration": {"text": "7 hours 55 mins", "value": 28491}, "status": "OK"}]}], "status": "OK"}
[GT-MAPS] Jakarta → Yogyakarta: element status=OK, element={'distance': {'text': '575 km', 'value': 575458}, 'duration': {'text': '7 hours 55 mins', 'value': 28491}, 'status': 'OK'}
[GT] Jakarta → Yogyakarta: distance_km=575.458, driving_hours=7.914166666666667
[GT] Jakarta → Yogyakarta: PASSED threshold — generating options
[GT-RAW] Yogyakarta → Bali: HTTP 200 | full response = {"destination_addresses": ["Bali, Indonesia"], "origin_addresses": ["Yogyakarta, Yogyakarta City, Special Region of Yogyakarta, Indonesia"], "rows": [{"elements": [{"distance": {"text": "721 km", "value": 721336}, "duration": {"text": "13 hours 5 mins", "value": 47075}, "status": "OK"}]}], "status": "OK"}
[GT-MAPS] Yogyakarta → Bali: element status=OK, element={'distance': {'text': '721 km', 'value': 721336}, 'duration': {'text': '13 hours 5 mins', 'value': 47075}, 'status': 'OK'}
[GT] Yogyakarta → Bali: distance_km=721.336, driving_hours=13.07638888888889
[GT] Yogyakarta → Bali: PASSED threshold — generating options
[GT-PLAN] Raw gt_results: [{'leg_from': 'Jakarta', 'leg_to': 'Yogyakarta', 'distance_km': 575, 'driving_duration_hours': 7.9, 'options': [{'id': 'gt_1', 'mode': 'train', 'operator': 'Kereta Api Indonesia', 'departure_time': '08:00', 'arrival_time': '16:00', 'duration': '8h 0m', 'price_usd': 30.0}, {'id': 'gt_2', 'mode': 'train', 'operator': 'Kereta Api Indonesia', 'departure_time': '20:00', 'arrival_time': '04:00', 'duration': '8h 0m', 'price_usd': 28.0}, {'id': 'gt_3', 'mode': 'bus', 'operator': 'Rosalia Indah', 'departure_time': '07:00', 'arrival_time': '17:00', 'duration': '10h 0m', 'price_usd': 20.0}]}, {'leg_from': 'Yogyakarta', 'leg_to': 'Bali', 'distance_km': 721, 'driving_duration_hours': 13.1, 'options': [{'id': 'gt_1', 'mode': 'train', 'operator': 'Kereta Api Indonesia', 'departure_time': '07:00', 'arrival_time': '21:30', 'duration': '14h 30m', 'price_usd': 30.0}, {'id': 'gt_2', 'mode': 'bus', 'operator': 'PO Maju Lancar', 'departure_time': '06:00', 'arrival_time': '22:00', 'duration': '16h 0m', 'price_usd': 28.0}, {'id': 'gt_3', 'mode': 'bus', 'operator': 'PO Sinar Jaya', 'departure_time': '08:00', 'arrival_time': '00:30', 'duration': '16h 30m', 'price_usd': 27.0}]}]
[GT-PLAN] Final ground_transport returned: [{'leg_from': 'Jakarta', 'leg_to': 'Yogyakarta', 'distance_km': 575, 'driving_duration_hours': 7.9, 'options': [{'id': 'gt_1', 'mode': 'train', 'operator': 'Kereta Api Indonesia', 'departure_time': '08:00', 'arrival_time': '16:00', 'duration': '8h 0m', 'price_usd': 30.0}, {'id': 'gt_2', 'mode': 'train', 'operator': 'Kereta Api Indonesia', 'departure_time': '20:00', 'arrival_time': '04:00', 'duration': '8h 0m', 'price_usd': 28.0}, {'id': 'gt_3', 'mode': 'bus', 'operator': 'Rosalia Indah', 'departure_time': '07:00', 'arrival_time': '17:00', 'duration': '10h 0m', 'price_usd': 20.0}]}, {'leg_from': 'Yogyakarta', 'leg_to': 'Bali', 'distance_km': 721, 'driving_duration_hours': 13.1, 'options': [{'id': 'gt_1', 'mode': 'train', 'operator': 'Kereta Api Indonesia', 'departure_time': '07:00', 'arrival_time': '21:30', 'duration': '14h 30m', 'price_usd': 30.0}, {'id': 'gt_2', 'mode': 'bus', 'operator': 'PO Maju Lancar', 'departure_time': '06:00', 'arrival_time': '22:00', 'duration': '16h 0m', 'price_usd': 28.0}, {'id': 'gt_3', 'mode': 'bus', 'operator': 'PO Sinar Jaya', 'departure_time': '08:00', 'arrival_time': '00:30', 'duration': '16h 30m', 'price_usd': 27.0}]}]
[GT-PLAN] All legs considered for ground transport:
  leg 0: colombo (Sri Lanka) → Jakarta (Indonesia) — same_country=False
  leg 1: Jakarta (Indonesia) → Yogyakarta (Indonesia) — same_country=True
  leg 2: Yogyakarta (Indonesia) → Bali (Indonesia) — same_country=True
[GT-PLAN] Domestic legs passed to get_ground_transport: [('Jakarta', 'Yogyakarta'), ('Yogyakarta', 'Bali')]
[GT-RAW] Jakarta → Yogyakarta: HTTP 200 | full response = {"destination_addresses": ["Yogyakarta, Yogyakarta City, Special Region of Yogyakarta, Indonesia"], "origin_addresses": ["Jakarta, Indonesia"], "rows": [{"elements": [{"distance": {"text": "575 km", "value": 575458}, "duration": {"text": "7 hours 55 mins", "value": 28491}, "status": "OK"}]}], "status": "OK"}
[GT-MAPS] Jakarta → Yogyakarta: element status=OK, element={'distance': {'text': '575 km', 'value': 575458}, 'duration': {'text': '7 hours 55 mins', 'value': 28491}, 'status': 'OK'}
[GT] Jakarta → Yogyakarta: distance_km=575.458, driving_hours=7.914166666666667
[GT] Jakarta → Yogyakarta: PASSED threshold — generating options
[GT-RAW] Yogyakarta → Bali: HTTP 200 | full response = {"destination_addresses": ["Bali, Indonesia"], "origin_addresses": ["Yogyakarta, Yogyakarta City, Special Region of Yogyakarta, Indonesia"], "rows": [{"elements": [{"distance": {"text": "721 km", "value": 721336}, "duration": {"text": "13 hours 5 mins", "value": 47075}, "status": "OK"}]}], "status": "OK"}
[GT-MAPS] Yogyakarta → Bali: element status=OK, element={'distance': {'text': '721 km', 'value': 721336}, 'duration': {'text': '13 hours 5 mins', 'value': 47075}, 'status': 'OK'}
[GT] Yogyakarta → Bali: distance_km=721.336, driving_hours=13.07638888888889
[GT] Yogyakarta → Bali: PASSED threshold — generating options
[GT-PLAN] Raw gt_results: [{'leg_from': 'Jakarta', 'leg_to': 'Yogyakarta', 'distance_km': 575, 'driving_duration_hours': 7.9, 'options': [{'id': 'gt_1', 'mode': 'train', 'operator': 'Kereta Api Indonesia', 'departure_time': '08:00', 'arrival_time': '15:00', 'duration': '7h 0m', 'price_usd': 30.0}, {'id': 'gt_2', 'mode': 'train', 'operator': 'Kereta Api Indonesia', 'departure_time': '20:00', 'arrival_time': '03:30', 'duration': '7h 30m', 'price_usd': 28.0}, {'id': 'gt_3', 'mode': 'bus', 'operator': 'Pahala Kencana', 'departure_time': '09:00', 'arrival_time': '18:00', 'duration': '9h 0m', 'price_usd': 20.0}]}, {'leg_from': 'Yogyakarta', 'leg_to': 'Bali', 'distance_km': 721, 'driving_duration_hours': 13.1, 'options': [{'id': 'gt_1', 'mode': 'train', 'operator': 'Kereta Api Indonesia', 'departure_time': '07:00', 'arrival_time': '20:30', 'duration': '13h 30m', 'price_usd': 30.0}, {'id': 'gt_2', 'mode': 'bus', 'operator': 'Damri', 'departure_time': '06:00', 'arrival_time': '21:00', 'duration': '15h 0m', 'price_usd': 20.0}, {'id': 'gt_3', 'mode': 'bus', 'operator': 'Gunung Harta', 'departure_time': '08:00', 'arrival_time': '23:00', 'duration': '15h 0m', 'price_usd': 22.0}]}]
[GT-PLAN] Final ground_transport returned: [{'leg_from': 'Jakarta', 'leg_to': 'Yogyakarta', 'distance_km': 575, 'driving_duration_hours': 7.9, 'options': [{'id': 'gt_1', 'mode': 'train', 'operator': 'Kereta Api Indonesia', 'departure_time': '08:00', 'arrival_time': '15:00', 'duration': '7h 0m', 'price_usd': 30.0}, {'id': 'gt_2', 'mode': 'train', 'operator': 'Kereta Api Indonesia', 'departure_time': '20:00', 'arrival_time': '03:30', 'duration': '7h 30m', 'price_usd': 28.0}, {'id': 'gt_3', 'mode': 'bus', 'operator': 'Pahala Kencana', 'departure_time': '09:00', 'arrival_time': '18:00', 'duration': '9h 0m', 'price_usd': 20.0}]}, {'leg_from': 'Yogyakarta', 'leg_to': 'Bali', 'distance_km': 721, 'driving_duration_hours': 13.1, 'options': [{'id': 'gt_1', 'mode': 'train', 'operator': 'Kereta Api Indonesia', 'departure_time': '07:00', 'arrival_time': '20:30', 'duration': '13h 30m', 'price_usd': 30.0}, {'id': 'gt_2', 'mode': 'bus', 'operator': 'Damri', 'departure_time': '06:00', 'arrival_time': '21:00', 'duration': '15h 0m', 'price_usd': 20.0}, {'id': 'gt_3', 'mode': 'bus', 'operator': 'Gunung Harta', 'departure_time': '08:00', 'arrival_time': '23:00', 'duration': '15h 0m', 'price_usd': 22.0}]}]
[GT-PLAN] All legs considered for ground transport:
  leg 0: colombo (Sri Lanka) → Jakarta (Indonesia) — same_country=False
  leg 1: Jakarta (Indonesia) → Yogyakarta (Indonesia) — same_country=True
  leg 2: Yogyakarta (Indonesia) → Bali (Indonesia) — same_country=True
[GT-PLAN] Domestic legs passed to get_ground_transport: [('Jakarta', 'Yogyakarta'), ('Yogyakarta', 'Bali')]
[GT-RAW] Jakarta → Yogyakarta: HTTP 200 | full response = {"destination_addresses": ["Yogyakarta, Yogyakarta City, Special Region of Yogyakarta, Indonesia"], "origin_addresses": ["Jakarta, Indonesia"], "rows": [{"elements": [{"distance": {"text": "575 km", "value": 575458}, "duration": {"text": "7 hours 55 mins", "value": 28491}, "status": "OK"}]}], "status": "OK"}
[GT-MAPS] Jakarta → Yogyakarta: element status=OK, element={'distance': {'text': '575 km', 'value': 575458}, 'duration': {'text': '7 hours 55 mins', 'value': 28491}, 'status': 'OK'}
[GT] Jakarta → Yogyakarta: distance_km=575.458, driving_hours=7.914166666666667
[GT] Jakarta → Yogyakarta: PASSED threshold — generating options
[GT-RAW] Yogyakarta → Bali: HTTP 200 | full response = {"destination_addresses": ["Bali, Indonesia"], "origin_addresses": ["Yogyakarta, Yogyakarta City, Special Region of Yogyakarta, Indonesia"], "rows": [{"elements": [{"distance": {"text": "721 km", "value": 721336}, "duration": {"text": "13 hours 5 mins", "value": 47075}, "status": "OK"}]}], "status": "OK"}
[GT-MAPS] Yogyakarta → Bali: element status=OK, element={'distance': {'text': '721 km', 'value': 721336}, 'duration': {'text': '13 hours 5 mins', 'value': 47075}, 'status': 'OK'}
[GT] Yogyakarta → Bali: distance_km=721.336, driving_hours=13.07638888888889
[GT] Yogyakarta → Bali: PASSED threshold — generating options
[GT-PLAN] Raw gt_results: [{'leg_from': 'Jakarta', 'leg_to': 'Yogyakarta', 'distance_km': 575, 'driving_duration_hours': 7.9, 'options': [{'id': 'gt_1', 'mode': 'train', 'operator': 'Kereta Api Indonesia', 'departure_time': '08:00', 'arrival_time': '16:00', 'duration': '8h 0m', 'price_usd': 30.0}, {'id': 'gt_2', 'mode': 'train', 'operator': 'Kereta Api Indonesia', 'departure_time': '20:00', 'arrival_time': '04:00', 'duration': '8h 0m', 'price_usd': 30.0}, {'id': 'gt_3', 'mode': 'bus', 'operator': 'Rosalia Indah', 'departure_time': '07:00', 'arrival_time': '15:30', 'duration': '8h 30m', 'price_usd': 20.0}]}, {'leg_from': 'Yogyakarta', 'leg_to': 'Bali', 'distance_km': 721, 'driving_duration_hours': 13.1, 'options': [{'id': 'gt_1', 'mode': 'train', 'operator': 'Kereta Api Indonesia', 'departure_time': '07:00', 'arrival_time': '22:00', 'duration': '15h 0m', 'price_usd': 30.0}, {'id': 'gt_2', 'mode': 'bus', 'operator': 'Lorena Transport', 'departure_time': '06:00', 'arrival_time': '21:00', 'duration': '15h 0m', 'price_usd': 28.0}, {'id': 'gt_3', 'mode': 'bus', 'operator': 'Pahala Kencana', 'departure_time': '08:00', 'arrival_time': '23:00', 'duration': '15h 0m', 'price_usd': 27.0}]}]
[GT-PLAN] Final ground_transport returned: [{'leg_from': 'Jakarta', 'leg_to': 'Yogyakarta', 'distance_km': 575, 'driving_duration_hours': 7.9, 'options': [{'id': 'gt_1', 'mode': 'train', 'operator': 'Kereta Api Indonesia', 'departure_time': '08:00', 'arrival_time': '16:00', 'duration': '8h 0m', 'price_usd': 30.0}, {'id': 'gt_2', 'mode': 'train', 'operator': 'Kereta Api Indonesia', 'departure_time': '20:00', 'arrival_time': '04:00', 'duration': '8h 0m', 'price_usd': 30.0}, {'id': 'gt_3', 'mode': 'bus', 'operator': 'Rosalia Indah', 'departure_time': '07:00', 'arrival_time': '15:30', 'duration': '8h 30m', 'price_usd': 20.0}]}, {'leg_from': 'Yogyakarta', 'leg_to': 'Bali', 'distance_km': 721, 'driving_duration_hours': 13.1, 'options': [{'id': 'gt_1', 'mode': 'train', 'operator': 'Kereta Api Indonesia', 'departure_time': '07:00', 'arrival_time': '22:00', 'duration': '15h 0m', 'price_usd': 30.0}, {'id': 'gt_2', 'mode': 'bus', 'operator': 'Lorena Transport', 'departure_time': '06:00', 'arrival_time': '21:00', 'duration': '15h 0m', 'price_usd': 28.0}, {'id': 'gt_3', 'mode': 'bus', 'operator': 'Pahala Kencana', 'departure_time': '08:00', 'arrival_time': '23:00', 'duration': '15h 0m', 'price_usd': 27.0}]}]
[GT-PLAN] All legs considered for ground transport:
  leg 0: colombo (Sri Lanka) → Jakarta (Indonesia) — same_country=False
  leg 1: Jakarta (Indonesia) → Yogyakarta (Indonesia) — same_country=True
  leg 2: Yogyakarta (Indonesia) → Bali (Indonesia) — same_country=True
[GT-PLAN] Domestic legs passed to get_ground_transport: [('Jakarta', 'Yogyakarta'), ('Yogyakarta', 'Bali')]
[GT-RAW] Jakarta → Yogyakarta: HTTP 200 | full response = {"destination_addresses": ["Yogyakarta, Yogyakarta City, Special Region of Yogyakarta, Indonesia"], "origin_addresses": ["Jakarta, Indonesia"], "rows": [{"elements": [{"distance": {"text": "575 km", "value": 575458}, "duration": {"text": "7 hours 55 mins", "value": 28491}, "status": "OK"}]}], "status": "OK"}
[GT-MAPS] Jakarta → Yogyakarta: element status=OK, element={'distance': {'text': '575 km', 'value': 575458}, 'duration': {'text': '7 hours 55 mins', 'value': 28491}, 'status': 'OK'}
[GT] Jakarta → Yogyakarta: distance_km=575.458, driving_hours=7.914166666666667
[GT] Jakarta → Yogyakarta: PASSED threshold — generating options
[GT-RAW] Yogyakarta → Bali: HTTP 200 | full response = {"destination_addresses": ["Bali, Indonesia"], "origin_addresses": ["Yogyakarta, Yogyakarta City, Special Region of Yogyakarta, Indonesia"], "rows": [{"elements": [{"distance": {"text": "721 km", "value": 721336}, "duration": {"text": "13 hours 5 mins", "value": 47075}, "status": "OK"}]}], "status": "OK"}
[GT-MAPS] Yogyakarta → Bali: element status=OK, element={'distance': {'text': '721 km', 'value': 721336}, 'duration': {'text': '13 hours 5 mins', 'value': 47075}, 'status': 'OK'}
[GT] Yogyakarta → Bali: distance_km=721.336, driving_hours=13.07638888888889
[GT] Yogyakarta → Bali: PASSED threshold — generating options
[GT-PLAN] Raw gt_results: [{'leg_from': 'Jakarta', 'leg_to': 'Yogyakarta', 'distance_km': 575, 'driving_duration_hours': 7.9, 'options': [{'id': 'gt_1', 'mode': 'train', 'operator': 'Kereta Api Indonesia', 'departure_time': '08:00', 'arrival_time': '15:00', 'duration': '7h 0m', 'price_usd': 30.0}, {'id': 'gt_2', 'mode': 'train', 'operator': 'Kereta Api Indonesia', 'departure_time': '20:00', 'arrival_time': '03:30', 'duration': '7h 30m', 'price_usd': 28.0}, {'id': 'gt_3', 'mode': 'bus', 'operator': 'Rosalia Indah', 'departure_time': '09:00', 'arrival_time': '17:30', 'duration': '8h 30m', 'price_usd': 20.0}]}, {'leg_from': 'Yogyakarta', 'leg_to': 'Bali', 'distance_km': 721, 'driving_duration_hours': 13.1, 'options': [{'id': 'gt_1', 'mode': 'train', 'operator': 'Kereta Api Indonesia', 'departure_time': '08:00', 'arrival_time': '21:30', 'duration': '13h 30m', 'price_usd': 30.0}, {'id': 'gt_2', 'mode': 'bus', 'operator': 'Gunung Harta', 'departure_time': '07:00', 'arrival_time': '21:00', 'duration': '14h 0m', 'price_usd': 28.0}, {'id': 'gt_3', 'mode': 'bus', 'operator': 'Lorena', 'departure_time': '06:30', 'arrival_time': '20:30', 'duration': '14h 0m', 'price_usd': 27.0}]}]
[GT-PLAN] Final ground_transport returned: [{'leg_from': 'Jakarta', 'leg_to': 'Yogyakarta', 'distance_km': 575, 'driving_duration_hours': 7.9, 'options': [{'id': 'gt_1', 'mode': 'train', 'operator': 'Kereta Api Indonesia', 'departure_time': '08:00', 'arrival_time': '15:00', 'duration': '7h 0m', 'price_usd': 30.0}, {'id': 'gt_2', 'mode': 'train', 'operator': 'Kereta Api Indonesia', 'departure_time': '20:00', 'arrival_time': '03:30', 'duration': '7h 30m', 'price_usd': 28.0}, {'id': 'gt_3', 'mode': 'bus', 'operator': 'Rosalia Indah', 'departure_time': '09:00', 'arrival_time': '17:30', 'duration': '8h 30m', 'price_usd': 20.0}]}, {'leg_from': 'Yogyakarta', 'leg_to': 'Bali', 'distance_km': 721, 'driving_duration_hours': 13.1, 'options': [{'id': 'gt_1', 'mode': 'train', 'operator': 'Kereta Api Indonesia', 'departure_time': '08:00', 'arrival_time': '21:30', 'duration': '13h 30m', 'price_usd': 30.0}, {'id': 'gt_2', 'mode': 'bus', 'operator': 'Gunung Harta', 'departure_time': '07:00', 'arrival_time': '21:00', 'duration': '14h 0m', 'price_usd': 28.0}, {'id': 'gt_3', 'mode': 'bus', 'operator': 'Lorena', 'departure_time': '06:30', 'arrival_time': '20:30', 'duration': '14h 0m', 'price_usd': 27.0}]}]
[GT-PLAN] All legs considered for ground transport:
  leg 0: Colombo (Sri Lanka) → Jakarta (Indonesia) — same_country=False
  leg 1: Jakarta (Indonesia) → Yogyakarta (Indonesia) — same_country=True
  leg 2: Yogyakarta (Indonesia) → Bali (Indonesia) — same_country=True
[GT-PLAN] Domestic legs passed to get_ground_transport: [('Jakarta', 'Yogyakarta'), ('Yogyakarta', 'Bali')]
[GT-RAW] Yogyakarta → Bali: HTTP 200 | full response = {"destination_addresses": ["Bali, Indonesia"], "origin_addresses": ["Yogyakarta, Yogyakarta City, Special Region of Yogyakarta, Indonesia"], "rows": [{"elements": [{"distance": {"text": "721 km", "value": 721336}, "duration": {"text": "13 hours 5 mins", "value": 47075}, "status": "OK"}]}], "status": "OK"}
[GT-MAPS] Yogyakarta → Bali: element status=OK, element={'distance': {'text': '721 km', 'value': 721336}, 'duration': {'text': '13 hours 5 mins', 'value': 47075}, 'status': 'OK'}
[GT] Yogyakarta → Bali: distance_km=721.336, driving_hours=13.07638888888889
[GT] Yogyakarta → Bali: PASSED threshold — generating options
[GT-RAW] Jakarta → Yogyakarta: HTTP 200 | full response = {"destination_addresses": ["Yogyakarta, Yogyakarta City, Special Region of Yogyakarta, Indonesia"], "origin_addresses": ["Jakarta, Indonesia"], "rows": [{"elements": [{"distance": {"text": "575 km", "value": 575458}, "duration": {"text": "7 hours 55 mins", "value": 28491}, "status": "OK"}]}], "status": "OK"}
[GT-MAPS] Jakarta → Yogyakarta: element status=OK, element={'distance': {'text': '575 km', 'value': 575458}, 'duration': {'text': '7 hours 55 mins', 'value': 28491}, 'status': 'OK'}
[GT] Jakarta → Yogyakarta: distance_km=575.458, driving_hours=7.914166666666667
[GT] Jakarta → Yogyakarta: PASSED threshold — generating options
[GT-PLAN] Raw gt_results: [{'leg_from': 'Jakarta', 'leg_to': 'Yogyakarta', 'distance_km': 575, 'driving_duration_hours': 7.9, 'options': [{'id': 'gt_1', 'mode': 'train', 'operator': 'Kereta Api Indonesia', 'departure_time': '08:00', 'arrival_time': '15:00', 'duration': '7h 0m', 'price_usd': 30.0}, {'id': 'gt_2', 'mode': 'bus', 'operator': 'Pahala Kencana', 'departure_time': '09:00', 'arrival_time': '18:30', 'duration': '9h 30m', 'price_usd': 20.0}, {'id': 'gt_3', 'mode': 'train', 'operator': 'Kereta Api Indonesia', 'departure_time': '22:00', 'arrival_time': '05:30', 'duration': '7h 30m', 'price_usd': 28.0}]}, {'leg_from': 'Yogyakarta', 'leg_to': 'Bali', 'distance_km': 721, 'driving_duration_hours': 13.1, 'options': [{'id': 'gt_1', 'mode': 'train', 'operator': 'Kereta Api Indonesia', 'departure_time': '08:00', 'arrival_time': '20:30', 'duration': '12h 30m', 'price_usd': 30.0}, {'id': 'gt_2', 'mode': 'bus', 'operator': 'Gunung Harta', 'departure_time': '07:00', 'arrival_time': '21:00', 'duration': '14h 0m', 'price_usd': 28.0}, {'id': 'gt_3', 'mode': 'bus', 'operator': 'Mitra Rahayu', 'departure_time': '18:00', 'arrival_time': '08:00', 'duration': '14h 0m', 'price_usd': 27.0}]}]
[GT-PLAN] Final ground_transport returned: [{'leg_from': 'Jakarta', 'leg_to': 'Yogyakarta', 'distance_km': 575, 'driving_duration_hours': 7.9, 'options': [{'id': 'gt_1', 'mode': 'train', 'operator': 'Kereta Api Indonesia', 'departure_time': '08:00', 'arrival_time': '15:00', 'duration': '7h 0m', 'price_usd': 30.0}, {'id': 'gt_2', 'mode': 'bus', 'operator': 'Pahala Kencana', 'departure_time': '09:00', 'arrival_time': '18:30', 'duration': '9h 30m', 'price_usd': 20.0}, {'id': 'gt_3', 'mode': 'train', 'operator': 'Kereta Api Indonesia', 'departure_time': '22:00', 'arrival_time': '05:30', 'duration': '7h 30m', 'price_usd': 28.0}]}, {'leg_from': 'Yogyakarta', 'leg_to': 'Bali', 'distance_km': 721, 'driving_duration_hours': 13.1, 'options': [{'id': 'gt_1', 'mode': 'train', 'operator': 'Kereta Api Indonesia', 'departure_time': '08:00', 'arrival_time': '20:30', 'duration': '12h 30m', 'price_usd': 30.0}, {'id': 'gt_2', 'mode': 'bus', 'operator': 'Gunung Harta', 'departure_time': '07:00', 'arrival_time': '21:00', 'duration': '14h 0m', 'price_usd': 28.0}, {'id': 'gt_3', 'mode': 'bus', 'operator': 'Mitra Rahayu', 'departure_time': '18:00', 'arrival_time': '08:00', 'duration': '14h 0m', 'price_usd': 27.0}]}]
[GT-PLAN] All legs considered for ground transport:
  leg 0: colombo (Sri Lanka) → Jakarta (indonesia) — same_country=False
  leg 1: Jakarta (indonesia) → Yogyakarta (indonesia) — same_country=True
  leg 2: Yogyakarta (indonesia) → Bali (indonesia) — same_country=True
[GT-PLAN] Domestic legs passed to get_ground_transport: [('Jakarta', 'Yogyakarta'), ('Yogyakarta', 'Bali')]
[GT-RAW] Yogyakarta → Bali: HTTP 200 | full response = {"destination_addresses": ["Bali, Indonesia"], "origin_addresses": ["Yogyakarta, Yogyakarta City, Special Region of Yogyakarta, Indonesia"], "rows": [{"elements": [{"distance": {"text": "721 km", "value": 721336}, "duration": {"text": "13 hours 5 mins", "value": 47075}, "status": "OK"}]}], "status": "OK"}
[GT-MAPS] Yogyakarta → Bali: element status=OK, element={'distance': {'text': '721 km', 'value': 721336}, 'duration': {'text': '13 hours 5 mins', 'value': 47075}, 'status': 'OK'}
[GT] Yogyakarta → Bali: distance_km=721.336, driving_hours=13.07638888888889
[GT] Yogyakarta → Bali: PASSED threshold — generating options
[GT-RAW] Jakarta → Yogyakarta: HTTP 200 | full response = {"destination_addresses": ["Yogyakarta, Yogyakarta City, Special Region of Yogyakarta, Indonesia"], "origin_addresses": ["Jakarta, Indonesia"], "rows": [{"elements": [{"distance": {"text": "575 km", "value": 575458}, "duration": {"text": "7 hours 55 mins", "value": 28491}, "status": "OK"}]}], "status": "OK"}
[GT-MAPS] Jakarta → Yogyakarta: element status=OK, element={'distance': {'text': '575 km', 'value': 575458}, 'duration': {'text': '7 hours 55 mins', 'value': 28491}, 'status': 'OK'}
[GT] Jakarta → Yogyakarta: distance_km=575.458, driving_hours=7.914166666666667
[GT] Jakarta → Yogyakarta: PASSED threshold — generating options
[GT-PLAN] Raw gt_results: [{'leg_from': 'Jakarta', 'leg_to': 'Yogyakarta', 'distance_km': 575, 'driving_duration_hours': 7.9, 'options': [{'id': 'gt_1', 'mode': 'train', 'operator': 'Kereta Api Indonesia', 'departure_time': '08:00', 'arrival_time': '15:00', 'duration': '7h 0m', 'price_usd': 30.0}, {'id': 'gt_2', 'mode': 'train', 'operator': 'Kereta Api Indonesia', 'departure_time': '20:00', 'arrival_time': '03:30', 'duration': '7h 30m', 'price_usd': 28.0}, {'id': 'gt_3', 'mode': 'bus', 'operator': 'Pahala Kencana', 'departure_time': '09:00', 'arrival_time': '18:00', 'duration': '9h 0m', 'price_usd': 20.0}]}, {'leg_from': 'Yogyakarta', 'leg_to': 'Bali', 'distance_km': 721, 'driving_duration_hours': 13.1, 'options': [{'id': 'gt_1', 'mode': 'train', 'operator': 'Kereta Api Indonesia', 'departure_time': '07:00', 'arrival_time': '20:00', 'duration': '13h 0m', 'price_usd': 30.0}, {'id': 'gt_2', 'mode': 'bus', 'operator': 'Gunung Harta', 'departure_time': '08:00', 'arrival_time': '22:00', 'duration': '14h 0m', 'price_usd': 20.0}, {'id': 'gt_3', 'mode': 'bus', 'operator': 'Lorena', 'departure_time': '09:00', 'arrival_time': '23:30', 'duration': '14h 30m', 'price_usd': 22.0}]}]
[GT-PLAN] Final ground_transport returned: [{'leg_from': 'Jakarta', 'leg_to': 'Yogyakarta', 'distance_km': 575, 'driving_duration_hours': 7.9, 'options': [{'id': 'gt_1', 'mode': 'train', 'operator': 'Kereta Api Indonesia', 'departure_time': '08:00', 'arrival_time': '15:00', 'duration': '7h 0m', 'price_usd': 30.0}, {'id': 'gt_2', 'mode': 'train', 'operator': 'Kereta Api Indonesia', 'departure_time': '20:00', 'arrival_time': '03:30', 'duration': '7h 30m', 'price_usd': 28.0}, {'id': 'gt_3', 'mode': 'bus', 'operator': 'Pahala Kencana', 'departure_time': '09:00', 'arrival_time': '18:00', 'duration': '9h 0m', 'price_usd': 20.0}]}, {'leg_from': 'Yogyakarta', 'leg_to': 'Bali', 'distance_km': 721, 'driving_duration_hours': 13.1, 'options': [{'id': 'gt_1', 'mode': 'train', 'operator': 'Kereta Api Indonesia', 'departure_time': '07:00', 'arrival_time': '20:00', 'duration': '13h 0m', 'price_usd': 30.0}, {'id': 'gt_2', 'mode': 'bus', 'operator': 'Gunung Harta', 'departure_time': '08:00', 'arrival_time': '22:00', 'duration': '14h 0m', 'price_usd': 20.0}, {'id': 'gt_3', 'mode': 'bus', 'operator': 'Lorena', 'departure_time': '09:00', 'arrival_time': '23:30', 'duration': '14h 30m', 'price_usd': 22.0}]}]
[GT-PLAN] All legs considered for ground transport:
  leg 0: Colombo (Sri Lanka) → Jakarta (Indonesia) — same_country=False
  leg 1: Jakarta (Indonesia) → Yogyakarta (Indonesia) — same_country=True
  leg 2: Yogyakarta (Indonesia) → Bali (Indonesia) — same_country=True
[GT-PLAN] Domestic legs passed to get_ground_transport: [('Jakarta', 'Yogyakarta'), ('Yogyakarta', 'Bali')]
[GT-RAW] Jakarta → Yogyakarta: HTTP 200 | full response = {"destination_addresses": ["Yogyakarta, Yogyakarta City, Special Region of Yogyakarta, Indonesia"], "origin_addresses": ["Jakarta, Indonesia"], "rows": [{"elements": [{"distance": {"text": "575 km", "value": 575458}, "duration": {"text": "7 hours 55 mins", "value": 28491}, "status": "OK"}]}], "status": "OK"}
[GT-MAPS] Jakarta → Yogyakarta: element status=OK, element={'distance': {'text': '575 km', 'value': 575458}, 'duration': {'text': '7 hours 55 mins', 'value': 28491}, 'status': 'OK'}
[GT] Jakarta → Yogyakarta: distance_km=575.458, driving_hours=7.914166666666667
[GT] Jakarta → Yogyakarta: PASSED threshold — generating options
[GT-RAW] Yogyakarta → Bali: HTTP 200 | full response = {"destination_addresses": ["Bali, Indonesia"], "origin_addresses": ["Yogyakarta, Yogyakarta City, Special Region of Yogyakarta, Indonesia"], "rows": [{"elements": [{"distance": {"text": "721 km", "value": 721336}, "duration": {"text": "13 hours 5 mins", "value": 47075}, "status": "OK"}]}], "status": "OK"}
[GT-MAPS] Yogyakarta → Bali: element status=OK, element={'distance': {'text': '721 km', 'value': 721336}, 'duration': {'text': '13 hours 5 mins', 'value': 47075}, 'status': 'OK'}
[GT] Yogyakarta → Bali: distance_km=721.336, driving_hours=13.07638888888889
[GT] Yogyakarta → Bali: PASSED threshold — generating options
[GT-PLAN] Raw gt_results: [{'leg_from': 'Jakarta', 'leg_to': 'Yogyakarta', 'distance_km': 575, 'driving_duration_hours': 7.9, 'options': [{'id': 'gt_1', 'mode': 'train', 'operator': 'Kereta Api Indonesia', 'departure_time': '08:00', 'arrival_time': '15:00', 'duration': '7h 0m', 'price_usd': 30.0}, {'id': 'gt_2', 'mode': 'train', 'operator': 'Kereta Api Indonesia', 'departure_time': '20:00', 'arrival_time': '03:30', 'duration': '7h 30m', 'price_usd': 28.0}, {'id': 'gt_3', 'mode': 'bus', 'operator': 'Rosalia Indah', 'departure_time': '09:00', 'arrival_time': '18:00', 'duration': '9h 0m', 'price_usd': 20.0}]}, {'leg_from': 'Yogyakarta', 'leg_to': 'Bali', 'distance_km': 721, 'driving_duration_hours': 13.1, 'options': [{'id': 'gt_1', 'mode': 'train', 'operator': 'Kereta Api Indonesia', 'departure_time': '08:00', 'arrival_time': '22:00', 'duration': '14h 0m', 'price_usd': 30.0}, {'id': 'gt_2', 'mode': 'bus', 'operator': 'Gunung Harta', 'departure_time': '06:00', 'arrival_time': '21:00', 'duration': '15h 0m', 'price_usd': 28.0}, {'id': 'gt_3', 'mode': 'bus', 'operator': 'Lorena Transport', 'departure_time': '07:30', 'arrival_time': '22:30', 'duration': '15h 0m', 'price_usd': 27.0}]}]
[GT-PLAN] Final ground_transport returned: [{'leg_from': 'Jakarta', 'leg_to': 'Yogyakarta', 'distance_km': 575, 'driving_duration_hours': 7.9, 'options': [{'id': 'gt_1', 'mode': 'train', 'operator': 'Kereta Api Indonesia', 'departure_time': '08:00', 'arrival_time': '15:00', 'duration': '7h 0m', 'price_usd': 30.0}, {'id': 'gt_2', 'mode': 'train', 'operator': 'Kereta Api Indonesia', 'departure_time': '20:00', 'arrival_time': '03:30', 'duration': '7h 30m', 'price_usd': 28.0}, {'id': 'gt_3', 'mode': 'bus', 'operator': 'Rosalia Indah', 'departure_time': '09:00', 'arrival_time': '18:00', 'duration': '9h 0m', 'price_usd': 20.0}]}, {'leg_from': 'Yogyakarta', 'leg_to': 'Bali', 'distance_km': 721, 'driving_duration_hours': 13.1, 'options': [{'id': 'gt_1', 'mode': 'train', 'operator': 'Kereta Api Indonesia', 'departure_time': '08:00', 'arrival_time': '22:00', 'duration': '14h 0m', 'price_usd': 30.0}, {'id': 'gt_2', 'mode': 'bus', 'operator': 'Gunung Harta', 'departure_time': '06:00', 'arrival_time': '21:00', 'duration': '15h 0m', 'price_usd': 28.0}, {'id': 'gt_3', 'mode': 'bus', 'operator': 'Lorena Transport', 'departure_time': '07:30', 'arrival_time': '22:30', 'duration': '15h 0m', 'price_usd': 27.0}]}]
[GT-PLAN] All legs considered for ground transport:
  leg 0: Colombo (Sri Lanka) → Jakarta (Indonesia) — same_country=False
  leg 1: Jakarta (Indonesia) → Yogyakarta (Indonesia) — same_country=True
  leg 2: Yogyakarta (Indonesia) → Bali (Indonesia) — same_country=True
[GT-PLAN] Domestic legs passed to get_ground_transport: [('Jakarta', 'Yogyakarta'), ('Yogyakarta', 'Bali')]
[GT-RAW] Jakarta → Yogyakarta: HTTP 200 | full response = {"destination_addresses": ["Yogyakarta, Yogyakarta City, Special Region of Yogyakarta, Indonesia"], "origin_addresses": ["Jakarta, Indonesia"], "rows": [{"elements": [{"distance": {"text": "580 km", "value": 580416}, "duration": {"text": "8 hours 0 mins", "value": 28811}, "status": "OK"}]}], "status": "OK"}
[GT-MAPS] Jakarta → Yogyakarta: element status=OK, element={'distance': {'text': '580 km', 'value': 580416}, 'duration': {'text': '8 hours 0 mins', 'value': 28811}, 'status': 'OK'}
[GT] Jakarta → Yogyakarta: distance_km=580.416, driving_hours=8.003055555555555
[GT] Jakarta → Yogyakarta: PASSED threshold — generating options
[GT-RAW] Yogyakarta → Bali: HTTP 200 | full response = {"destination_addresses": ["Bali, Indonesia"], "origin_addresses": ["Yogyakarta, Yogyakarta City, Special Region of Yogyakarta, Indonesia"], "rows": [{"elements": [{"distance": {"text": "721 km", "value": 721189}, "duration": {"text": "13 hours 12 mins", "value": 47516}, "status": "OK"}]}], "status": "OK"}
[GT-MAPS] Yogyakarta → Bali: element status=OK, element={'distance': {'text': '721 km', 'value': 721189}, 'duration': {'text': '13 hours 12 mins', 'value': 47516}, 'status': 'OK'}
[GT] Yogyakarta → Bali: distance_km=721.189, driving_hours=13.198888888888888
[GT] Yogyakarta → Bali: PASSED threshold — generating options
[GT-PLAN] Raw gt_results: [{'leg_from': 'Jakarta', 'leg_to': 'Yogyakarta', 'distance_km': 580, 'driving_duration_hours': 8.0, 'options': [{'id': 'gt_1', 'mode': 'train', 'operator': 'Kereta Api Indonesia', 'departure_time': '08:00', 'arrival_time': '16:00', 'duration': '8h 0m', 'price_usd': 30.0}, {'id': 'gt_2', 'mode': 'train', 'operator': 'Kereta Api Indonesia', 'departure_time': '20:00', 'arrival_time': '04:00', 'duration': '8h 0m', 'price_usd': 28.0}, {'id': 'gt_3', 'mode': 'bus', 'operator': 'Pahala Kencana', 'departure_time': '09:00', 'arrival_time': '19:00', 'duration': '10h 0m', 'price_usd': 20.0}]}, {'leg_from': 'Yogyakarta', 'leg_to': 'Bali', 'distance_km': 721, 'driving_duration_hours': 13.2, 'options': [{'id': 'gt_1', 'mode': 'train', 'operator': 'Kereta Api Indonesia', 'departure_time': '07:00', 'arrival_time': '22:00', 'duration': '15h 0m', 'price_usd': 30.0}, {'id': 'gt_2', 'mode': 'bus', 'operator': 'Lorena', 'departure_time': '08:00', 'arrival_time': '23:30', 'duration': '15h 30m', 'price_usd': 35.0}, {'id': 'gt_3', 'mode': 'bus', 'operator': 'Pahala Kencana', 'departure_time': '09:00', 'arrival_time': '00:30', 'duration': '15h 30m', 'price_usd': 32.0}]}]
[GT-PLAN] Final ground_transport returned: [{'leg_from': 'Jakarta', 'leg_to': 'Yogyakarta', 'distance_km': 580, 'driving_duration_hours': 8.0, 'options': [{'id': 'gt_1', 'mode': 'train', 'operator': 'Kereta Api Indonesia', 'departure_time': '08:00', 'arrival_time': '16:00', 'duration': '8h 0m', 'price_usd': 30.0}, {'id': 'gt_2', 'mode': 'train', 'operator': 'Kereta Api Indonesia', 'departure_time': '20:00', 'arrival_time': '04:00', 'duration': '8h 0m', 'price_usd': 28.0}, {'id': 'gt_3', 'mode': 'bus', 'operator': 'Pahala Kencana', 'departure_time': '09:00', 'arrival_time': '19:00', 'duration': '10h 0m', 'price_usd': 20.0}]}, {'leg_from': 'Yogyakarta', 'leg_to': 'Bali', 'distance_km': 721, 'driving_duration_hours': 13.2, 'options': [{'id': 'gt_1', 'mode': 'train', 'operator': 'Kereta Api Indonesia', 'departure_time': '07:00', 'arrival_time': '22:00', 'duration': '15h 0m', 'price_usd': 30.0}, {'id': 'gt_2', 'mode': 'bus', 'operator': 'Lorena', 'departure_time': '08:00', 'arrival_time': '23:30', 'duration': '15h 30m', 'price_usd': 35.0}, {'id': 'gt_3', 'mode': 'bus', 'operator': 'Pahala Kencana', 'departure_time': '09:00', 'arrival_time': '00:30', 'duration': '15h 30m', 'price_usd': 32.0}]}]
[GT-PLAN] All legs considered for ground transport:
  leg 0: Colombo (Sri Lanka) → Jakarta (Indonesia) — same_country=False
  leg 1: Jakarta (Indonesia) → Yogyakarta (Indonesia) — same_country=True
  leg 2: Yogyakarta (Indonesia) → Bali (Indonesia) — same_country=True
[GT-PLAN] Domestic legs passed to get_ground_transport: [('Jakarta', 'Yogyakarta'), ('Yogyakarta', 'Bali')]
[GT-RAW] Jakarta → Yogyakarta: HTTP 200 | full response = {"destination_addresses": ["Yogyakarta, Yogyakarta City, Special Region of Yogyakarta, Indonesia"], "origin_addresses": ["Jakarta, Indonesia"], "rows": [{"elements": [{"distance": {"text": "580 km", "value": 580416}, "duration": {"text": "8 hours 0 mins", "value": 28811}, "status": "OK"}]}], "status": "OK"}
[GT-MAPS] Jakarta → Yogyakarta: element status=OK, element={'distance': {'text': '580 km', 'value': 580416}, 'duration': {'text': '8 hours 0 mins', 'value': 28811}, 'status': 'OK'}
[GT] Jakarta → Yogyakarta: distance_km=580.416, driving_hours=8.003055555555555
[GT] Jakarta → Yogyakarta: PASSED threshold — generating options
[GT-RAW] Yogyakarta → Bali: HTTP 200 | full response = {"destination_addresses": ["Bali, Indonesia"], "origin_addresses": ["Yogyakarta, Yogyakarta City, Special Region of Yogyakarta, Indonesia"], "rows": [{"elements": [{"distance": {"text": "721 km", "value": 721189}, "duration": {"text": "13 hours 12 mins", "value": 47516}, "status": "OK"}]}], "status": "OK"}
[GT-MAPS] Yogyakarta → Bali: element status=OK, element={'distance': {'text': '721 km', 'value': 721189}, 'duration': {'text': '13 hours 12 mins', 'value': 47516}, 'status': 'OK'}
[GT] Yogyakarta → Bali: distance_km=721.189, driving_hours=13.198888888888888
[GT] Yogyakarta → Bali: PASSED threshold — generating options
[GT-PLAN] Raw gt_results: [{'leg_from': 'Jakarta', 'leg_to': 'Yogyakarta', 'distance_km': 580, 'driving_duration_hours': 8.0, 'options': [{'id': 'gt_1', 'mode': 'train', 'operator': 'Kereta Api Indonesia', 'departure_time': '08:00', 'arrival_time': '16:00', 'duration': '8h 0m', 'price_usd': 30.0}, {'id': 'gt_2', 'mode': 'train', 'operator': 'Kereta Api Indonesia', 'departure_time': '20:00', 'arrival_time': '04:00', 'duration': '8h 0m', 'price_usd': 30.0}, {'id': 'gt_3', 'mode': 'bus', 'operator': 'Pahala Kencana', 'departure_time': '09:00', 'arrival_time': '19:00', 'duration': '10h 0m', 'price_usd': 20.0}]}, {'leg_from': 'Yogyakarta', 'leg_to': 'Bali', 'distance_km': 721, 'driving_duration_hours': 13.2, 'options': [{'id': 'gt_1', 'mode': 'train', 'operator': 'Kereta Api Indonesia', 'departure_time': '07:00', 'arrival_time': '21:00', 'duration': '14h 0m', 'price_usd': 30.0}, {'id': 'gt_2', 'mode': 'bus', 'operator': 'Damri', 'departure_time': '08:00', 'arrival_time': '22:30', 'duration': '14h 30m', 'price_usd': 28.0}, {'id': 'gt_3', 'mode': 'bus', 'operator': 'Pahala Kencana', 'departure_time': '09:00', 'arrival_time': '23:30', 'duration': '14h 30m', 'price_usd': 27.0}]}]
[GT-PLAN] Final ground_transport returned: [{'leg_from': 'Jakarta', 'leg_to': 'Yogyakarta', 'distance_km': 580, 'driving_duration_hours': 8.0, 'options': [{'id': 'gt_1', 'mode': 'train', 'operator': 'Kereta Api Indonesia', 'departure_time': '08:00', 'arrival_time': '16:00', 'duration': '8h 0m', 'price_usd': 30.0}, {'id': 'gt_2', 'mode': 'train', 'operator': 'Kereta Api Indonesia', 'departure_time': '20:00', 'arrival_time': '04:00', 'duration': '8h 0m', 'price_usd': 30.0}, {'id': 'gt_3', 'mode': 'bus', 'operator': 'Pahala Kencana', 'departure_time': '09:00', 'arrival_time': '19:00', 'duration': '10h 0m', 'price_usd': 20.0}]}, {'leg_from': 'Yogyakarta', 'leg_to': 'Bali', 'distance_km': 721, 'driving_duration_hours': 13.2, 'options': [{'id': 'gt_1', 'mode': 'train', 'operator': 'Kereta Api Indonesia', 'departure_time': '07:00', 'arrival_time': '21:00', 'duration': '14h 0m', 'price_usd': 30.0}, {'id': 'gt_2', 'mode': 'bus', 'operator': 'Damri', 'departure_time': '08:00', 'arrival_time': '22:30', 'duration': '14h 30m', 'price_usd': 28.0}, {'id': 'gt_3', 'mode': 'bus', 'operator': 'Pahala Kencana', 'departure_time': '09:00', 'arrival_time': '23:30', 'duration': '14h 30m', 'price_usd': 27.0}]}]
[GT-PLAN] All legs considered for ground transport:
  leg 0: Colombo (Sri Lanka) → Jakarta (Indonesia) — same_country=False
  leg 1: Jakarta (Indonesia) → Yogyakarta (Indonesia) — same_country=True
  leg 2: Yogyakarta (Indonesia) → Bali (Indonesia) — same_country=True
[GT-PLAN] Domestic legs passed to get_ground_transport: [('Jakarta', 'Yogyakarta'), ('Yogyakarta', 'Bali')]
[GT-RAW] Yogyakarta → Bali: HTTP 200 | full response = {"destination_addresses": ["Bali, Indonesia"], "origin_addresses": ["Yogyakarta, Yogyakarta City, Special Region of Yogyakarta, Indonesia"], "rows": [{"elements": [{"distance": {"text": "721 km", "value": 721189}, "duration": {"text": "13 hours 12 mins", "value": 47516}, "status": "OK"}]}], "status": "OK"}
[GT-MAPS] Yogyakarta → Bali: element status=OK, element={'distance': {'text': '721 km', 'value': 721189}, 'duration': {'text': '13 hours 12 mins', 'value': 47516}, 'status': 'OK'}
[GT] Yogyakarta → Bali: distance_km=721.189, driving_hours=13.198888888888888
[GT] Yogyakarta → Bali: PASSED threshold — generating options
[GT-RAW] Jakarta → Yogyakarta: HTTP 200 | full response = {"destination_addresses": ["Yogyakarta, Yogyakarta City, Special Region of Yogyakarta, Indonesia"], "origin_addresses": ["Jakarta, Indonesia"], "rows": [{"elements": [{"distance": {"text": "580 km", "value": 580416}, "duration": {"text": "8 hours 0 mins", "value": 28811}, "status": "OK"}]}], "status": "OK"}
[GT-MAPS] Jakarta → Yogyakarta: element status=OK, element={'distance': {'text': '580 km', 'value': 580416}, 'duration': {'text': '8 hours 0 mins', 'value': 28811}, 'status': 'OK'}
[GT] Jakarta → Yogyakarta: distance_km=580.416, driving_hours=8.003055555555555
[GT] Jakarta → Yogyakarta: PASSED threshold — generating options
[GT-PLAN] Raw gt_results: [{'leg_from': 'Jakarta', 'leg_to': 'Yogyakarta', 'distance_km': 580, 'driving_duration_hours': 8.0, 'options': [{'id': 'gt_1', 'mode': 'train', 'operator': 'Kereta Api Indonesia', 'departure_time': '08:00', 'arrival_time': '16:00', 'duration': '8h 0m', 'price_usd': 30.0}, {'id': 'gt_2', 'mode': 'train', 'operator': 'Kereta Api Indonesia', 'departure_time': '20:00', 'arrival_time': '04:00', 'duration': '8h 0m', 'price_usd': 25.0}, {'id': 'gt_3', 'mode': 'bus', 'operator': 'Pahala Kencana', 'departure_time': '07:00', 'arrival_time': '19:00', 'duration': '12h 0m', 'price_usd': 20.0}]}, {'leg_from': 'Yogyakarta', 'leg_to': 'Bali', 'distance_km': 721, 'driving_duration_hours': 13.2, 'options': [{'id': 'gt_1', 'mode': 'train', 'operator': 'Kereta Api Indonesia', 'departure_time': '07:00', 'arrival_time': '21:00', 'duration': '14h 0m', 'price_usd': 30.0}, {'id': 'gt_2', 'mode': 'bus', 'operator': 'Pahala Kencana', 'departure_time': '08:00', 'arrival_time': '22:30', 'duration': '14h 30m', 'price_usd': 28.0}, {'id': 'gt_3', 'mode': 'bus', 'operator': 'Maju Lancar', 'departure_time': '18:00', 'arrival_time': '08:00', 'duration': '14h 0m', 'price_usd': 27.0}]}]
[GT-PLAN] Final ground_transport returned: [{'leg_from': 'Jakarta', 'leg_to': 'Yogyakarta', 'distance_km': 580, 'driving_duration_hours': 8.0, 'options': [{'id': 'gt_1', 'mode': 'train', 'operator': 'Kereta Api Indonesia', 'departure_time': '08:00', 'arrival_time': '16:00', 'duration': '8h 0m', 'price_usd': 30.0}, {'id': 'gt_2', 'mode': 'train', 'operator': 'Kereta Api Indonesia', 'departure_time': '20:00', 'arrival_time': '04:00', 'duration': '8h 0m', 'price_usd': 25.0}, {'id': 'gt_3', 'mode': 'bus', 'operator': 'Pahala Kencana', 'departure_time': '07:00', 'arrival_time': '19:00', 'duration': '12h 0m', 'price_usd': 20.0}]}, {'leg_from': 'Yogyakarta', 'leg_to': 'Bali', 'distance_km': 721, 'driving_duration_hours': 13.2, 'options': [{'id': 'gt_1', 'mode': 'train', 'operator': 'Kereta Api Indonesia', 'departure_time': '07:00', 'arrival_time': '21:00', 'duration': '14h 0m', 'price_usd': 30.0}, {'id': 'gt_2', 'mode': 'bus', 'operator': 'Pahala Kencana', 'departure_time': '08:00', 'arrival_time': '22:30', 'duration': '14h 30m', 'price_usd': 28.0}, {'id': 'gt_3', 'mode': 'bus', 'operator': 'Maju Lancar', 'departure_time': '18:00', 'arrival_time': '08:00', 'duration': '14h 0m', 'price_usd': 27.0}]}]
[GT-PLAN] All legs considered for ground transport:
  leg 0: Colombo (Sri Lanka) → Jakarta (Indonesia) — same_country=False
  leg 1: Jakarta (Indonesia) → Yogyakarta (Indonesia) — same_country=True
  leg 2: Yogyakarta (Indonesia) → Bali (Indonesia) — same_country=True
[GT-PLAN] Domestic legs passed to get_ground_transport: [('Jakarta', 'Yogyakarta'), ('Yogyakarta', 'Bali')]
[GT-RAW] Jakarta → Yogyakarta: HTTP 200 | full response = {"destination_addresses": ["Yogyakarta, Yogyakarta City, Special Region of Yogyakarta, Indonesia"], "origin_addresses": ["Jakarta, Indonesia"], "rows": [{"elements": [{"distance": {"text": "580 km", "value": 580416}, "duration": {"text": "8 hours 0 mins", "value": 28811}, "status": "OK"}]}], "status": "OK"}
[GT-MAPS] Jakarta → Yogyakarta: element status=OK, element={'distance': {'text': '580 km', 'value': 580416}, 'duration': {'text': '8 hours 0 mins', 'value': 28811}, 'status': 'OK'}
[GT] Jakarta → Yogyakarta: distance_km=580.416, driving_hours=8.003055555555555
[GT] Jakarta → Yogyakarta: PASSED threshold — generating options
[GT-RAW] Yogyakarta → Bali: HTTP 200 | full response = {"destination_addresses": ["Bali, Indonesia"], "origin_addresses": ["Yogyakarta, Yogyakarta City, Special Region of Yogyakarta, Indonesia"], "rows": [{"elements": [{"distance": {"text": "721 km", "value": 721189}, "duration": {"text": "13 hours 12 mins", "value": 47516}, "status": "OK"}]}], "status": "OK"}
[GT-MAPS] Yogyakarta → Bali: element status=OK, element={'distance': {'text': '721 km', 'value': 721189}, 'duration': {'text': '13 hours 12 mins', 'value': 47516}, 'status': 'OK'}
[GT] Yogyakarta → Bali: distance_km=721.189, driving_hours=13.198888888888888
[GT] Yogyakarta → Bali: PASSED threshold — generating options
[GT-PLAN] Raw gt_results: [{'leg_from': 'Jakarta', 'leg_to': 'Yogyakarta', 'distance_km': 580, 'driving_duration_hours': 8.0, 'options': [{'id': 'gt_1', 'mode': 'train', 'operator': 'Kereta Api Indonesia', 'departure_time': '08:00', 'arrival_time': '16:00', 'duration': '8h 0m', 'price_usd': 30.0}, {'id': 'gt_2', 'mode': 'train', 'operator': 'Kereta Api Indonesia', 'departure_time': '20:00', 'arrival_time': '04:00', 'duration': '8h 0m', 'price_usd': 30.0}, {'id': 'gt_3', 'mode': 'bus', 'operator': 'Pahala Kencana', 'departure_time': '09:00', 'arrival_time': '19:00', 'duration': '10h 0m', 'price_usd': 20.0}]}, {'leg_from': 'Yogyakarta', 'leg_to': 'Bali', 'distance_km': 721, 'driving_duration_hours': 13.2, 'options': [{'id': 'gt_1', 'mode': 'train', 'operator': 'Kereta Api Indonesia', 'departure_time': '07:00', 'arrival_time': '21:00', 'duration': '14h 0m', 'price_usd': 30.0}, {'id': 'gt_2', 'mode': 'bus', 'operator': 'Lorena Transport', 'departure_time': '06:00', 'arrival_time': '20:30', 'duration': '14h 30m', 'price_usd': 28.0}, {'id': 'gt_3', 'mode': 'bus', 'operator': 'Pahala Kencana', 'departure_time': '08:00', 'arrival_time': '22:00', 'duration': '14h 0m', 'price_usd': 27.0}]}]
[GT-PLAN] Final ground_transport returned: [{'leg_from': 'Jakarta', 'leg_to': 'Yogyakarta', 'distance_km': 580, 'driving_duration_hours': 8.0, 'options': [{'id': 'gt_1', 'mode': 'train', 'operator': 'Kereta Api Indonesia', 'departure_time': '08:00', 'arrival_time': '16:00', 'duration': '8h 0m', 'price_usd': 30.0}, {'id': 'gt_2', 'mode': 'train', 'operator': 'Kereta Api Indonesia', 'departure_time': '20:00', 'arrival_time': '04:00', 'duration': '8h 0m', 'price_usd': 30.0}, {'id': 'gt_3', 'mode': 'bus', 'operator': 'Pahala Kencana', 'departure_time': '09:00', 'arrival_time': '19:00', 'duration': '10h 0m', 'price_usd': 20.0}]}, {'leg_from': 'Yogyakarta', 'leg_to': 'Bali', 'distance_km': 721, 'driving_duration_hours': 13.2, 'options': [{'id': 'gt_1', 'mode': 'train', 'operator': 'Kereta Api Indonesia', 'departure_time': '07:00', 'arrival_time': '21:00', 'duration': '14h 0m', 'price_usd': 30.0}, {'id': 'gt_2', 'mode': 'bus', 'operator': 'Lorena Transport', 'departure_time': '06:00', 'arrival_time': '20:30', 'duration': '14h 30m', 'price_usd': 28.0}, {'id': 'gt_3', 'mode': 'bus', 'operator': 'Pahala Kencana', 'departure_time': '08:00', 'arrival_time': '22:00', 'duration': '14h 0m', 'price_usd': 27.0}]}]
[GT-PLAN] All legs considered for ground transport:
  leg 0: Colombo (Sri Lanka) → Jakarta (Indonesia) — same_country=False
  leg 1: Jakarta (Indonesia) → Yogyakarta (Indonesia) — same_country=True
  leg 2: Yogyakarta (Indonesia) → Bali (Indonesia) — same_country=True
[GT-PLAN] Domestic legs passed to get_ground_transport: [('Jakarta', 'Yogyakarta'), ('Yogyakarta', 'Bali')]
[GT-RAW] Yogyakarta → Bali: HTTP 200 | full response = {"destination_addresses": ["Bali, Indonesia"], "origin_addresses": ["Yogyakarta, Yogyakarta City, Special Region of Yogyakarta, Indonesia"], "rows": [{"elements": [{"distance": {"text": "721 km", "value": 721189}, "duration": {"text": "13 hours 12 mins", "value": 47516}, "status": "OK"}]}], "status": "OK"}
[GT-MAPS] Yogyakarta → Bali: element status=OK, element={'distance': {'text': '721 km', 'value': 721189}, 'duration': {'text': '13 hours 12 mins', 'value': 47516}, 'status': 'OK'}
[GT] Yogyakarta → Bali: distance_km=721.189, driving_hours=13.198888888888888
[GT] Yogyakarta → Bali: PASSED threshold — generating options
[GT-RAW] Jakarta → Yogyakarta: HTTP 200 | full response = {"destination_addresses": ["Yogyakarta, Yogyakarta City, Special Region of Yogyakarta, Indonesia"], "origin_addresses": ["Jakarta, Indonesia"], "rows": [{"elements": [{"distance": {"text": "580 km", "value": 580416}, "duration": {"text": "8 hours 0 mins", "value": 28811}, "status": "OK"}]}], "status": "OK"}
[GT-MAPS] Jakarta → Yogyakarta: element status=OK, element={'distance': {'text': '580 km', 'value': 580416}, 'duration': {'text': '8 hours 0 mins', 'value': 28811}, 'status': 'OK'}
[GT] Jakarta → Yogyakarta: distance_km=580.416, driving_hours=8.003055555555555
[GT] Jakarta → Yogyakarta: PASSED threshold — generating options
[GT-PLAN] Raw gt_results: [{'leg_from': 'Jakarta', 'leg_to': 'Yogyakarta', 'distance_km': 580, 'driving_duration_hours': 8.0, 'options': [{'id': 'gt_1', 'mode': 'train', 'operator': 'Kereta Api Indonesia', 'departure_time': '08:00', 'arrival_time': '16:00', 'duration': '8h 0m', 'price_usd': 30.0}, {'id': 'gt_2', 'mode': 'train', 'operator': 'Kereta Api Indonesia', 'departure_time': '20:00', 'arrival_time': '04:00', 'duration': '8h 0m', 'price_usd': 30.0}, {'id': 'gt_3', 'mode': 'bus', 'operator': 'Rosalia Indah', 'departure_time': '09:00', 'arrival_time': '19:00', 'duration': '10h 0m', 'price_usd': 20.0}]}, {'leg_from': 'Yogyakarta', 'leg_to': 'Bali', 'distance_km': 721, 'driving_duration_hours': 13.2, 'options': [{'id': 'gt_1', 'mode': 'train', 'operator': 'Kereta Api Indonesia', 'departure_time': '08:00', 'arrival_time': '22:30', 'duration': '14h 30m', 'price_usd': 30.0}, {'id': 'gt_2', 'mode': 'bus', 'operator': 'Maju Lancar', 'departure_time': '07:00', 'arrival_time': '21:00', 'duration': '14h 0m', 'price_usd': 28.0}, {'id': 'gt_3', 'mode': 'bus', 'operator': 'Rosalia Indah', 'departure_time': '17:00', 'arrival_time': '07:30', 'duration': '14h 30m', 'price_usd': 27.0}]}]
[GT-PLAN] Final ground_transport returned: [{'leg_from': 'Jakarta', 'leg_to': 'Yogyakarta', 'distance_km': 580, 'driving_duration_hours': 8.0, 'options': [{'id': 'gt_1', 'mode': 'train', 'operator': 'Kereta Api Indonesia', 'departure_time': '08:00', 'arrival_time': '16:00', 'duration': '8h 0m', 'price_usd': 30.0}, {'id': 'gt_2', 'mode': 'train', 'operator': 'Kereta Api Indonesia', 'departure_time': '20:00', 'arrival_time': '04:00', 'duration': '8h 0m', 'price_usd': 30.0}, {'id': 'gt_3', 'mode': 'bus', 'operator': 'Rosalia Indah', 'departure_time': '09:00', 'arrival_time': '19:00', 'duration': '10h 0m', 'price_usd': 20.0}]}, {'leg_from': 'Yogyakarta', 'leg_to': 'Bali', 'distance_km': 721, 'driving_duration_hours': 13.2, 'options': [{'id': 'gt_1', 'mode': 'train', 'operator': 'Kereta Api Indonesia', 'departure_time': '08:00', 'arrival_time': '22:30', 'duration': '14h 30m', 'price_usd': 30.0}, {'id': 'gt_2', 'mode': 'bus', 'operator': 'Maju Lancar', 'departure_time': '07:00', 'arrival_time': '21:00', 'duration': '14h 0m', 'price_usd': 28.0}, {'id': 'gt_3', 'mode': 'bus', 'operator': 'Rosalia Indah', 'departure_time': '17:00', 'arrival_time': '07:30', 'duration': '14h 30m', 'price_usd': 27.0}]}]
[GT-PLAN] All legs considered for ground transport:
  leg 0: colombo (Sri Lanka) → Jakarta (Indonesia) — same_country=False
  leg 1: Jakarta (Indonesia) → Yogyakarta (Indonesia) — same_country=True
  leg 2: Yogyakarta (Indonesia) → Bali (Indonesia) — same_country=True
[GT-PLAN] Domestic legs passed to get_ground_transport: [('Jakarta', 'Yogyakarta'), ('Yogyakarta', 'Bali')]
[GT-RAW] Jakarta → Yogyakarta: HTTP 200 | full response = {"destination_addresses": ["Yogyakarta, Yogyakarta City, Special Region of Yogyakarta, Indonesia"], "origin_addresses": ["Jakarta, Indonesia"], "rows": [{"elements": [{"distance": {"text": "580 km", "value": 580416}, "duration": {"text": "8 hours 0 mins", "value": 28811}, "status": "OK"}]}], "status": "OK"}
[GT-MAPS] Jakarta → Yogyakarta: element status=OK, element={'distance': {'text': '580 km', 'value': 580416}, 'duration': {'text': '8 hours 0 mins', 'value': 28811}, 'status': 'OK'}
[GT] Jakarta → Yogyakarta: distance_km=580.416, driving_hours=8.003055555555555
[GT] Jakarta → Yogyakarta: PASSED threshold — generating options
[GT-RAW] Yogyakarta → Bali: HTTP 200 | full response = {"destination_addresses": ["Bali, Indonesia"], "origin_addresses": ["Yogyakarta, Yogyakarta City, Special Region of Yogyakarta, Indonesia"], "rows": [{"elements": [{"distance": {"text": "723 km", "value": 722569}, "duration": {"text": "13 hours 25 mins", "value": 48302}, "status": "OK"}]}], "status": "OK"}
[GT-MAPS] Yogyakarta → Bali: element status=OK, element={'distance': {'text': '723 km', 'value': 722569}, 'duration': {'text': '13 hours 25 mins', 'value': 48302}, 'status': 'OK'}
[GT] Yogyakarta → Bali: distance_km=722.569, driving_hours=13.417222222222222
[GT] Yogyakarta → Bali: PASSED threshold — generating options
[GT-PLAN] Raw gt_results: [{'leg_from': 'Jakarta', 'leg_to': 'Yogyakarta', 'distance_km': 580, 'driving_duration_hours': 8.0, 'options': [{'id': 'gt_1', 'mode': 'train', 'operator': 'Kereta Api Indonesia', 'departure_time': '08:00', 'arrival_time': '16:00', 'duration': '8h 0m', 'price_usd': 30.0}, {'id': 'gt_2', 'mode': 'train', 'operator': 'Kereta Api Indonesia', 'departure_time': '20:00', 'arrival_time': '04:30', 'duration': '8h 30m', 'price_usd': 28.0}, {'id': 'gt_3', 'mode': 'bus', 'operator': 'Rosalia Indah', 'departure_time': '09:00', 'arrival_time': '19:00', 'duration': '10h 0m', 'price_usd': 20.0}]}, {'leg_from': 'Yogyakarta', 'leg_to': 'Bali', 'distance_km': 723, 'driving_duration_hours': 13.4, 'options': [{'id': 'gt_1', 'mode': 'train', 'operator': 'Kereta Api Indonesia', 'departure_time': '07:00', 'arrival_time': '19:30', 'duration': '12h 30m', 'price_usd': 30.0}, {'id': 'gt_2', 'mode': 'bus', 'operator': 'Gunung Harta', 'departure_time': '18:00', 'arrival_time': '08:00', 'duration': '14h 0m', 'price_usd': 28.0}, {'id': 'gt_3', 'mode': 'bus', 'operator': 'Lorena', 'departure_time': '16:00', 'arrival_time': '06:00', 'duration': '14h 0m', 'price_usd': 27.0}]}]
[GT-PLAN] Final ground_transport returned: [{'leg_from': 'Jakarta', 'leg_to': 'Yogyakarta', 'distance_km': 580, 'driving_duration_hours': 8.0, 'options': [{'id': 'gt_1', 'mode': 'train', 'operator': 'Kereta Api Indonesia', 'departure_time': '08:00', 'arrival_time': '16:00', 'duration': '8h 0m', 'price_usd': 30.0}, {'id': 'gt_2', 'mode': 'train', 'operator': 'Kereta Api Indonesia', 'departure_time': '20:00', 'arrival_time': '04:30', 'duration': '8h 30m', 'price_usd': 28.0}, {'id': 'gt_3', 'mode': 'bus', 'operator': 'Rosalia Indah', 'departure_time': '09:00', 'arrival_time': '19:00', 'duration': '10h 0m', 'price_usd': 20.0}]}, {'leg_from': 'Yogyakarta', 'leg_to': 'Bali', 'distance_km': 723, 'driving_duration_hours': 13.4, 'options': [{'id': 'gt_1', 'mode': 'train', 'operator': 'Kereta Api Indonesia', 'departure_time': '07:00', 'arrival_time': '19:30', 'duration': '12h 30m', 'price_usd': 30.0}, {'id': 'gt_2', 'mode': 'bus', 'operator': 'Gunung Harta', 'departure_time': '18:00', 'arrival_time': '08:00', 'duration': '14h 0m', 'price_usd': 28.0}, {'id': 'gt_3', 'mode': 'bus', 'operator': 'Lorena', 'departure_time': '16:00', 'arrival_time': '06:00', 'duration': '14h 0m', 'price_usd': 27.0}]}]
